{"type":"FeatureCollection","features":[{"type":"Feature","geometry":{"coordinates":[[[[1.401221053878617,43.622657045655416],[1.401465487246928,43.62176874882529],[1.402337322686056,43.61890158538213],[1.403506581948645,43.616163654141616],[1.40475527373639,43.61475473125064],[1.407626780372793,43.61206765443483],[1.40963003304556,43.61043778969559],[1.411921699706048,43.60901272370309],[1.410931260814453,43.608562794039216],[1.40898284361509,43.607672627680806],[1.408051697057799,43.607264773632885],[1.407680571713138,43.607099950359434],[1.406938290566698,43.60677217220893],[1.405426699723395,43.60609934879035],[1.404436232746137,43.60565786860488],[1.403408522030037,43.60518390664587],[1.40294965430077,43.60496913463762],[1.402128723345654,43.604512952604814],[1.401625907740918,43.60419563308752],[1.401625895356965,43.604195632916294],[1.40016687270449,43.60441349132294],[1.398921790723907,43.60468607694067],[1.398213558415781,43.60484862581226],[1.396451641781399,43.605282475810796],[1.395496151769253,43.60551769358889],[1.394141934138593,43.605855556483036],[1.392734930623756,43.606319748276945],[1.391841172176713,43.60668412435656],[1.390771273343304,43.60723625443093],[1.38875565023196,43.60830556720774],[1.386700510997851,43.60939911370193],[1.385025562588486,43.60918163386053],[1.38494975482869,43.608545190647405],[1.385047881477986,43.608270690308366],[1.385470108455607,43.60792037897415],[1.385716046162058,43.60694887460625],[1.385654257276794,43.60649515204597],[1.385054698215252,43.60637090679948],[1.383849572019843,43.60658026918394],[1.382896474794039,43.60690717924653],[1.381659310237337,43.60765367101263],[1.380287624325511,43.60817949612965],[1.38002469541997,43.607930341605346],[1.379918488689337,43.60748854253261],[1.379993864076112,43.60709085253077],[1.37981154034588,43.6067676292933],[1.380112796680258,43.60649295470943],[1.380206496345344,43.605682901912125],[1.379686275403009,43.60507676641913],[1.379182699542226,43.604164219233624],[1.379027941829176,43.603989768664555],[1.378314747855584,43.60372827182083],[1.378129435985902,43.60359235406079],[1.37837307654907,43.603094856092035],[1.378473346911779,43.602282023847636],[1.378400661794092,43.602105437639906],[1.378150206865305,43.60197274699469],[1.376894743652785,43.60191574750982],[1.375963635768211,43.60192962245753],[1.375473971929772,43.60169460029215],[1.375192480062505,43.60155029479347],[1.375124162616051,43.6012649275298],[1.375935523950189,43.600681418469115],[1.376422742387408,43.60082463305327],[1.376834424401127,43.60072689530888],[1.377184411266848,43.60017352881413],[1.377679069694483,43.599528673974994],[1.377648903183565,43.59929945204693],[1.377423302905024,43.59907803763536],[1.377012554750841,43.59903860136283],[1.376669997664486,43.598967577326505],[1.376145118147384,43.59873794148971],[1.375857934364832,43.59846302099218],[1.375707845606444,43.5980814021883],[1.375820155050388,43.59765374989409],[1.376554598150685,43.597237061359785],[1.376650698971138,43.59708932963608],[1.376577847358876,43.596924091618625],[1.3753548976894,43.596147338475994],[1.375125626275817,43.59615674594394],[1.374463056428457,43.59639522333098],[1.373743598774297,43.5965291335364],[1.373205887807048,43.59637128728872],[1.372571374559417,43.59600067829151],[1.371769067511468,43.595702431841126],[1.371144615226451,43.595676303021],[1.370402479710129,43.59608532309807],[1.369752940093407,43.59600029865799],[1.368869206035798,43.594943482417825],[1.368143397827216,43.59442446742137],[1.366891046277332,43.59410530986717],[1.366660327903692,43.59388382790461],[1.366485113630321,43.592648570463965],[1.366074153620464,43.59182285416944],[1.366124877122967,43.59158485974511],[1.366521978430361,43.59117953390481],[1.366575215361092,43.59078639784395],[1.366906009767775,43.59005407909002],[1.366380091661486,43.589975768835195],[1.366266943298831,43.590050492959],[1.36624301746426,43.590160994144206],[1.366284279295747,43.59026541289515],[1.366301958435845,43.59037910397222],[1.366006562640881,43.590614053493184],[1.365621786693735,43.59082269316444],[1.363681007025214,43.59129802237871],[1.361924901692889,43.59170299838352],[1.362045119705337,43.59183460018518],[1.362375810012189,43.59215062194504],[1.362849935562999,43.59261168019311],[1.363532344999952,43.59331390221199],[1.364448865692855,43.59418844687095],[1.364700947888984,43.59445741793087],[1.365272944364017,43.59522680068067],[1.365784319058308,43.59564182048108],[1.366060624236658,43.59578232250951],[1.366758155334465,43.59595765721335],[1.366594405286973,43.596101013080144],[1.366400577765718,43.59617220241596],[1.365571274452332,43.596656139286985],[1.365413685170831,43.5967399388529],[1.36523804525437,43.59681318399869],[1.365079746069513,43.5968610169584],[1.364864710659909,43.59695567944937],[1.364766841405901,43.596969977222],[1.364709809831268,43.597034771770886],[1.364688014677917,43.59709419520333],[1.364701173557983,43.59716526733265],[1.364678348314699,43.597207652397024],[1.364629838395337,43.5972289952186],[1.364596867832569,43.59725520320523],[1.364587251168453,43.59728634193142],[1.36462604396439,43.597462656278346],[1.364648137955911,43.597544216744296],[1.364624564721082,43.59755347989914],[1.364446204311163,43.59755383688325],[1.364387754878618,43.59754576271665],[1.364293386229962,43.597504266928574],[1.364009173718615,43.59760968812756],[1.362985222963354,43.59805219454553],[1.362156926788413,43.598390415589506],[1.361693696018655,43.59861538663147],[1.359842238825581,43.599185096325236],[1.359384381426956,43.59931928090146],[1.359129594440033,43.59945521242991],[1.358950123002402,43.599602205577284],[1.358282912184066,43.60051609381894],[1.358160126940399,43.600621002807685],[1.357779396373803,43.60081450509216],[1.356906225324578,43.601185414939316],[1.356487710500632,43.60138142777752],[1.354505913637149,43.60187139103445],[1.353553851569958,43.602129944432654],[1.352968975234938,43.60230557885022],[1.352870729877424,43.60234256573471],[1.352774227642145,43.602352137632145],[1.352684591977052,43.602340003153515],[1.35259135409387,43.60230986619646],[1.352473709711056,43.60225868444491],[1.352360477158199,43.60257278058267],[1.352455768757882,43.602636994601994],[1.352465521283054,43.60267681680942],[1.352361950827992,43.60295786726663],[1.352701185693426,43.60307151598599],[1.352980029627173,43.60321680236675],[1.352943942769197,43.60327325622736],[1.352906163544727,43.60343282803536],[1.352770114834848,43.60339285362195],[1.351545215796103,43.603772016513005],[1.351624239203693,43.603874881137884],[1.351601584984639,43.60390591392049],[1.350390038508439,43.604263415003246],[1.350331179637269,43.60427994091555],[1.350536766319782,43.60523543332262],[1.350929787543029,43.605923306949855],[1.351223750104102,43.60631001781433],[1.351833875732963,43.60734999426073],[1.352257471398642,43.607957311654495],[1.352765958787337,43.6087072845373],[1.35281425929628,43.60877866957108],[1.35294381529796,43.6089765904106],[1.352861214991745,43.60916479050988],[1.352695162240826,43.6093670516607],[1.353418803966707,43.609784941074416],[1.353551094802641,43.61013332307398],[1.353817163665939,43.61066073434183],[1.353994420921506,43.611522313859425],[1.353965223227686,43.611555180413404],[1.353813743975199,43.611581300390405],[1.353796446124336,43.61160385743045],[1.353792089045835,43.611631262041925],[1.353815265851453,43.61180554754759],[1.35402982710994,43.61237793014594],[1.354384029597859,43.61324861734048],[1.354425961456891,43.6132328926649],[1.354484230857913,43.61333179531007],[1.354648037329908,43.61374478479909],[1.354742671703075,43.6145630723406],[1.355375853748221,43.614544911786844],[1.356442841184054,43.61451630602263],[1.355903619902896,43.615315856734725],[1.35565397835514,43.61600626350233],[1.355270927309093,43.618078778226334],[1.355775412622946,43.61923932462287],[1.356360235564217,43.62058318419712],[1.356491410116623,43.62068555244246],[1.356643917127823,43.620756886118194],[1.356849805109909,43.62074920729123],[1.357519592590823,43.620567664337464],[1.359316116482891,43.62077145556703],[1.360309826736315,43.621408270312756],[1.361479811647919,43.62353390672252],[1.36275964964168,43.623481528285595],[1.363190901875339,43.62363188000091],[1.365548033325937,43.62404760139903],[1.366128485759886,43.624554972090465],[1.366196992473856,43.624828047828956],[1.366481560756488,43.62502917663359],[1.367247233595702,43.6255210988022],[1.367844701063003,43.62618566686688],[1.367922812969204,43.62626864648562],[1.368188834277948,43.62649042168018],[1.369398317678295,43.62829179979615],[1.369598930656902,43.62877320610551],[1.370150648503243,43.6285659786613],[1.370422445358061,43.62843110884039],[1.370704955233985,43.62827929373878],[1.371133750702078,43.62802087040668],[1.37159305238543,43.62772863890274],[1.3725221524492,43.62713764745354],[1.372885438277441,43.62690231418555],[1.373135131194485,43.626764408339525],[1.373274140653395,43.626705984734535],[1.373431579914876,43.62663541487245],[1.373684319026886,43.62655052094042],[1.374549937283074,43.62642163300292],[1.376727302414369,43.62612125430404],[1.37531865655842,43.622520604628306],[1.374094712265589,43.61934917195568],[1.376638394008978,43.618361228739936],[1.380659702522718,43.6173970592318],[1.380991751597279,43.61731755466753],[1.383046136307696,43.61678421940433],[1.383275205751592,43.61671139728661],[1.384058424579772,43.61643130720296],[1.387505436061615,43.61553303598398],[1.387490619526271,43.61548181258432],[1.38831651874804,43.615549656868865],[1.388845871958654,43.6157906477916],[1.38933855070817,43.61596456139825],[1.389584209827798,43.61600079728645],[1.389322172736816,43.61651141030736],[1.389543376577306,43.616769656281605],[1.38999566305698,43.6168264229536],[1.390516314147246,43.616924443368205],[1.390998054865563,43.617094992513245],[1.391703783559028,43.61701950482661],[1.392521250273359,43.616877787296055],[1.392716064645473,43.61691062679431],[1.39281818719873,43.61695878694902],[1.392870668637507,43.617015988595355],[1.392914307105747,43.617057034005875],[1.392936808543642,43.617115880443734],[1.392938885540585,43.617232283463835],[1.39287577446879,43.61735285772388],[1.392765922792166,43.6174645269975],[1.392379055599085,43.61788233368453],[1.391452529666623,43.618331585839435],[1.391245873407459,43.6186345224085],[1.391337445631754,43.61918498837306],[1.391206183048261,43.619497066922136],[1.39083743066769,43.61983838401891],[1.390574890885225,43.620216539877646],[1.39067362428829,43.62039617976227],[1.391221848278967,43.620565384100075],[1.392531881724139,43.62081947612038],[1.392762831756281,43.620792060500946],[1.392935180574819,43.62076511728422],[1.393013606390498,43.62074684313781],[1.393067265732724,43.62073026828533],[1.393280965644925,43.62064026129214],[1.393661521759409,43.62054031085417],[1.394021001292667,43.62045625274244],[1.39426015336563,43.62040431752406],[1.394388072688746,43.62038550546428],[1.394545923301347,43.62036884632997],[1.394646187721397,43.620369680322],[1.394772419132444,43.62037545695334],[1.394906318174636,43.620390765396614],[1.395168526684048,43.62044592578217],[1.395325280200607,43.62049831672485],[1.395563076964665,43.62061477679083],[1.395682106442672,43.62066496931623],[1.395824576417636,43.62071535189503],[1.396035991881392,43.62077008463801],[1.396261343063276,43.62085048704612],[1.396801333712749,43.62088051753254],[1.398294765301368,43.62098751192728],[1.399499928346228,43.62079027657316],[1.39978456495562,43.62090995985804],[1.399946340487842,43.62147329914455],[1.400115755368964,43.62238014848119],[1.400263280755297,43.62277307282808],[1.401221053878617,43.622657045655416]]]],"type":"MultiPolygon"},"properties":{"geo_point_2d":{"lon":1.376266086745765,"lat":43.61093563704431},"quartier":20,"nom_quartier":"Arènes Romaines / Ancely / Saint-Martin du Touch / Purpan","num_nom":"20 - Arènes Romaines / Ancely / Saint-Martin du Touch / Purpan","maire_de_quartier":"Jean-Jacques Bolzan"}},{"type":"Feature","geometry":{"coordinates":[[[[1.397020746986392,43.59624783554796],[1.396992153421881,43.59740471515934],[1.397023698486259,43.59771625084527],[1.397159716656989,43.59858782911553],[1.397454008888721,43.59957708497875],[1.397803062655153,43.60039649319717],[1.39840767395419,43.6013580430424],[1.399067016936026,43.602151641354666],[1.400084339185065,43.60311660100163],[1.400952931345482,43.60377093505035],[1.401625907740918,43.60419563308752],[1.402128723345654,43.604512952604814],[1.40294965430077,43.60496913463762],[1.403408522030037,43.60518390664587],[1.404436232746137,43.60565786860488],[1.405426699723395,43.60609934879035],[1.406938290566698,43.60677217220893],[1.407680571713138,43.607099950359434],[1.408051697057799,43.607264773632885],[1.40898284361509,43.607672627680806],[1.410931260814453,43.608562794039216],[1.411921699706048,43.60901272370309],[1.414667834189876,43.607322622263766],[1.416433147345459,43.60632555961114],[1.4178745687829,43.60564374898871],[1.420193426158228,43.604881983272776],[1.420458681523171,43.60380080149464],[1.420266774719894,43.60060795247435],[1.420059072804826,43.59810659305163],[1.420043467376786,43.59802130689488],[1.419887491937126,43.59800490582627],[1.419792404051551,43.59792371838632],[1.419813222040378,43.597839677358685],[1.419869368941101,43.59774363296703],[1.41979834436781,43.59762101227231],[1.419678594968611,43.596940718585515],[1.419572714990055,43.59629081735639],[1.419537871249879,43.59593100013956],[1.419470896026651,43.59554538362742],[1.419215155182044,43.594142098408874],[1.419199600286062,43.59405303165759],[1.418870717656025,43.59402292985674],[1.417941492242951,43.593922673968166],[1.415457250994802,43.59370001286594],[1.412232071244491,43.59349491179111],[1.410643851666192,43.593415699805405],[1.40985556927346,43.59346318348801],[1.409046650972906,43.59358145211075],[1.408977311895908,43.5933519162743],[1.409021646610338,43.59326333928625],[1.409491863785409,43.5929928149055],[1.409768274717966,43.592712186041524],[1.40992938827614,43.59247980785575],[1.410097530718942,43.59204596115616],[1.410108583470532,43.59192022286158],[1.410104622660724,43.5917565037095],[1.410092050544484,43.59156056331603],[1.409986156480063,43.59125313990258],[1.409816220170542,43.590964136427516],[1.409508929544842,43.59055004370008],[1.409177507444503,43.589930451694784],[1.408937676863485,43.58953111356613],[1.406925672145649,43.58674622527693],[1.406142611348801,43.58646257130055],[1.405098701071172,43.58613040761394],[1.402492181201686,43.58526025078962],[1.40058096180486,43.58828534311548],[1.39995379500953,43.58943348077222],[1.398702235917588,43.592046752204624],[1.397711654544484,43.594116250140466],[1.397447229934589,43.594789596959956],[1.397284061196156,43.59531523934124],[1.397020746986392,43.59624783554796]]]],"type":"MultiPolygon"},"properties":{"geo_point_2d":{"lon":1.408335190506434,"lat":43.598094860506556},"quartier":19,"nom_quartier":"Casselardit / Fontaine-Bayonne / Cartoucherie","num_nom":"19 - Casselardit / Fontaine-Bayonne / Cartoucherie","maire_de_quartier":"Nadia Soussi"}},{"type":"Feature","geometry":{"coordinates":[[[[1.366906009767775,43.59005407909002],[1.366575215361092,43.59078639784395],[1.366521978430361,43.59117953390481],[1.366124877122967,43.59158485974511],[1.366074153620464,43.59182285416944],[1.366485113630321,43.592648570463965],[1.366660327903692,43.59388382790461],[1.366891046277332,43.59410530986717],[1.368143397827216,43.59442446742137],[1.368869206035798,43.594943482417825],[1.369752940093407,43.59600029865799],[1.370402479710129,43.59608532309807],[1.371144615226451,43.595676303021],[1.371769067511468,43.595702431841126],[1.372571374559417,43.59600067829151],[1.373205887807048,43.59637128728872],[1.373743598774297,43.5965291335364],[1.374463056428457,43.59639522333098],[1.375125626275817,43.59615674594394],[1.3753548976894,43.596147338475994],[1.376577847358876,43.596924091618625],[1.376650698971138,43.59708932963608],[1.376554598150685,43.597237061359785],[1.375820155050388,43.59765374989409],[1.375707845606444,43.5980814021883],[1.375857934364832,43.59846302099218],[1.376145118147384,43.59873794148971],[1.376669997664486,43.598967577326505],[1.377012554750841,43.59903860136283],[1.377423302905024,43.59907803763536],[1.377648903183565,43.59929945204693],[1.377679069694483,43.599528673974994],[1.377184411266848,43.60017352881413],[1.376834424401127,43.60072689530888],[1.376422742387408,43.60082463305327],[1.375935523950189,43.600681418469115],[1.375124162616051,43.6012649275298],[1.375192480062505,43.60155029479347],[1.375473971929772,43.60169460029215],[1.375963635768211,43.60192962245753],[1.376894743652785,43.60191574750982],[1.378150206865305,43.60197274699469],[1.378400661794092,43.602105437639906],[1.378473346911779,43.602282023847636],[1.37837307654907,43.603094856092035],[1.378129435985902,43.60359235406079],[1.378314747855584,43.60372827182083],[1.379027941829176,43.603989768664555],[1.379182699542226,43.604164219233624],[1.379686275403009,43.60507676641913],[1.380206496345344,43.605682901912125],[1.380112796680258,43.60649295470943],[1.37981154034588,43.6067676292933],[1.379993864076112,43.60709085253077],[1.379918488689337,43.60748854253261],[1.38002469541997,43.607930341605346],[1.380287624325511,43.60817949612965],[1.381659310237337,43.60765367101263],[1.382896474794039,43.60690717924653],[1.383849572019843,43.60658026918394],[1.385054698215252,43.60637090679948],[1.385654257276794,43.60649515204597],[1.385716046162058,43.60694887460625],[1.385470108455607,43.60792037897415],[1.385047881477986,43.608270690308366],[1.38494975482869,43.608545190647405],[1.385025562588486,43.60918163386053],[1.386700510997851,43.60939911370193],[1.38875565023196,43.60830556720774],[1.390771273343304,43.60723625443093],[1.391841172176713,43.60668412435656],[1.392734930623756,43.606319748276945],[1.394141934138593,43.605855556483036],[1.395496151769253,43.60551769358889],[1.396451641781399,43.605282475810796],[1.398213558415781,43.60484862581226],[1.398921790723907,43.60468607694067],[1.40016687270449,43.60441349132294],[1.401625895356965,43.604195632916294],[1.401625907740918,43.60419563308752],[1.400952931345482,43.60377093505035],[1.400084339185065,43.60311660100163],[1.399067016936026,43.602151641354666],[1.39840767395419,43.6013580430424],[1.397803062655153,43.60039649319717],[1.397454008888721,43.59957708497875],[1.397159716656989,43.59858782911553],[1.397023698486259,43.59771625084527],[1.396992153421881,43.59740471515934],[1.397020746986392,43.59624783554796],[1.397284061196156,43.59531523934124],[1.397447229934589,43.594789596959956],[1.397711654544484,43.594116250140466],[1.398702235917588,43.592046752204624],[1.39995379500953,43.58943348077222],[1.40058096180486,43.58828534311548],[1.402492181201686,43.58526025078962],[1.400377350833514,43.58449817353564],[1.399870595701645,43.58427732100434],[1.399352702277551,43.584020409912455],[1.398896723006271,43.58371671305524],[1.398450022868303,43.583401727732664],[1.398199331860539,43.583203807727585],[1.397792684400091,43.582825763178576],[1.39759069615322,43.58259323619992],[1.39739539605061,43.58234941340915],[1.397068670528601,43.58193795884973],[1.396672955274816,43.58144457734403],[1.396329525389683,43.581020708231804],[1.394500600603224,43.57881235076481],[1.394620511274678,43.57855315956922],[1.394591444859836,43.57841572818904],[1.394543268930546,43.57833490926323],[1.394468467885041,43.578208455614366],[1.395304781986105,43.57625690923438],[1.395899339626018,43.574862525063985],[1.395608720205923,43.57464154651946],[1.395676165932071,43.57424189700438],[1.393064623164887,43.572165157299594],[1.392046951608632,43.57134488187237],[1.391586278461706,43.57109883008906],[1.391087443479923,43.570716198216985],[1.390914142679291,43.57040158469849],[1.390699518136138,43.57039694769925],[1.390522012916563,43.5703481747165],[1.390384565940727,43.57023537518246],[1.3903074722519,43.57009090815592],[1.390388861149765,43.56996387262639],[1.390515453761221,43.56985801067178],[1.390714055776817,43.56980668996048],[1.390915642996193,43.56981405320411],[1.391253776224957,43.56933150746347],[1.391690206152846,43.56913363100965],[1.392151540699365,43.56892554854619],[1.393351939411012,43.56682000214566],[1.393652252813316,43.566094925254184],[1.393502511829863,43.565936612296746],[1.393494771179151,43.56568488273403],[1.393654265366572,43.565554699855106],[1.390723696813603,43.56187626375592],[1.387340002795164,43.56340905568309],[1.385991531712305,43.56401556937762],[1.383991820551895,43.56482472697404],[1.382606492354428,43.565289903542684],[1.380267279993671,43.56608857198836],[1.378943531191372,43.56660531629394],[1.378141147063387,43.566983605445365],[1.377361119658427,43.56742735496933],[1.376632979462571,43.56788100212125],[1.375819149974113,43.56832161964344],[1.37544045928423,43.56848586788293],[1.374990574936747,43.56862681403346],[1.374700333615476,43.568630959376534],[1.374401313465623,43.568695594988135],[1.37417034951608,43.568816634679955],[1.373998433125577,43.56898737115734],[1.373862245181065,43.56920287610396],[1.373596733858937,43.56920628650049],[1.373428139919766,43.56925216679951],[1.373323678279724,43.569355351215],[1.373194151088089,43.5697222919353],[1.372817238997444,43.570098487029725],[1.372584646213436,43.57040021890193],[1.372375446128438,43.57070498066017],[1.372343033076804,43.570817326591886],[1.37226860267779,43.5710265246646],[1.372118606011995,43.57122966147959],[1.371838897923043,43.5713909175687],[1.371897244027104,43.571526904865514],[1.371893108829201,43.57168202439512],[1.371758207099183,43.57183531000859],[1.371522066803218,43.57191207780206],[1.371213149709012,43.571877690304134],[1.370906930167137,43.57225882800902],[1.370843112453233,43.57232801333572],[1.37050226027956,43.572458371335806],[1.370098535112128,43.572622879475546],[1.36977129753207,43.57275843286911],[1.369363237452618,43.57282776483408],[1.368824249599789,43.57290025234],[1.368806263138984,43.57290285221512],[1.368908502358521,43.57338039822577],[1.368880463881875,43.57342462826292],[1.365525376043959,43.575363861189615],[1.364946018145305,43.57569950001554],[1.364008180367943,43.576231691803514],[1.359687728570146,43.5786903989898],[1.358937612870671,43.57911819226435],[1.359659230536572,43.57932027554622],[1.361092540081402,43.5798530156769],[1.362283997420206,43.58029471466902],[1.363451417634362,43.580534663710736],[1.364289122953384,43.58072164387873],[1.364939729880538,43.580890909164474],[1.366689305445231,43.58134869554957],[1.367056156125248,43.58143983714507],[1.368020564776864,43.58168084033841],[1.370449601965805,43.58229860540874],[1.371208305098358,43.583271082650356],[1.372030553615937,43.58433966057149],[1.37298622611188,43.585610894444685],[1.373680757855753,43.58653266555059],[1.373783261508544,43.58663288405692],[1.375317861041946,43.587847513763975],[1.375902288749326,43.588494900056375],[1.377069699049045,43.58996564198755],[1.375820590047306,43.58993422952431],[1.371304817037741,43.589787014694636],[1.370107255725013,43.589868573614034],[1.368355435636317,43.59017529093095],[1.367731893271584,43.59017657741582],[1.366906009767775,43.59005407909002]]]],"type":"MultiPolygon"},"properties":{"geo_point_2d":{"lon":1.3839499873987813,"lat":43.58584649506332},"quartier":18,"nom_quartier":"Lardenne / Pradettes / Basso-Cambo","num_nom":"18 - Lardenne / Pradettes / Basso-Cambo","maire_de_quartier":"Christophe Alvès"}},{"type":"Feature","geometry":{"coordinates":[[[[1.395304781986105,43.57625690923438],[1.394468467885041,43.578208455614366],[1.394543268930546,43.57833490926323],[1.394591444859836,43.57841572818904],[1.394620511274678,43.57855315956922],[1.394500600603224,43.57881235076481],[1.396329525389683,43.581020708231804],[1.396672955274816,43.58144457734403],[1.397068670528601,43.58193795884973],[1.39739539605061,43.58234941340915],[1.39759069615322,43.58259323619992],[1.397792684400091,43.582825763178576],[1.398199331860539,43.583203807727585],[1.398450022868303,43.583401727732664],[1.398896723006271,43.58371671305524],[1.399352702277551,43.584020409912455],[1.399870595701645,43.58427732100434],[1.400377350833514,43.58449817353564],[1.402492181201686,43.58526025078962],[1.404384084399142,43.582293645823846],[1.405717805642696,43.58022596008357],[1.407711976051913,43.5771059216436],[1.409260451684899,43.57468516748827],[1.409907328513497,43.573670531367405],[1.410635141940419,43.57255437633689],[1.41047534675172,43.572116906193166],[1.409927527608867,43.570772691330426],[1.409064880897608,43.57093404167985],[1.408708696770639,43.57091030286556],[1.408266513292011,43.56963791567423],[1.408084674679226,43.56911320926266],[1.407768355908792,43.56820043122075],[1.407035910041214,43.567522669468424],[1.407033764902559,43.56707418732684],[1.406427669960286,43.56622147045608],[1.406216174960634,43.56601631052724],[1.405740947671211,43.56586859302949],[1.404092630317561,43.56551913946539],[1.403698227549031,43.56469559191031],[1.402982424693543,43.56379086183103],[1.405710956652007,43.563198355286296],[1.407493736347766,43.56276171016378],[1.406757479807614,43.562166211273265],[1.406299436322091,43.56233748607208],[1.40439345470379,43.56274850922585],[1.404249504763229,43.56271893687408],[1.403453967099968,43.56208793764266],[1.402629124165945,43.561419778831684],[1.402627773475683,43.56133934921446],[1.402693060680351,43.56124053959736],[1.403230731435427,43.561219435290276],[1.405076657988017,43.56081928777047],[1.403930538345807,43.559894944489315],[1.402665471951612,43.55867628845711],[1.40208485835397,43.55811612045727],[1.399644508870192,43.55867875527284],[1.398205558221396,43.55901311493238],[1.395826265527585,43.55957618350233],[1.395130060872981,43.55983436641638],[1.394411059807976,43.56013492759765],[1.390723696813603,43.56187626375592],[1.393654265366572,43.565554699855106],[1.393494771179151,43.56568488273403],[1.393502511829863,43.565936612296746],[1.393652252813316,43.566094925254184],[1.393351939411012,43.56682000214566],[1.392151540699365,43.56892554854619],[1.391690206152846,43.56913363100965],[1.391253776224957,43.56933150746347],[1.390915642996193,43.56981405320411],[1.390714055776817,43.56980668996048],[1.390515453761221,43.56985801067178],[1.390388861149765,43.56996387262639],[1.3903074722519,43.57009090815592],[1.390384565940727,43.57023537518246],[1.390522012916563,43.5703481747165],[1.390699518136138,43.57039694769925],[1.390914142679291,43.57040158469849],[1.391087443479923,43.570716198216985],[1.391586278461706,43.57109883008906],[1.392046951608632,43.57134488187237],[1.393064623164887,43.572165157299594],[1.395676165932071,43.57424189700438],[1.395608720205923,43.57464154651946],[1.395899339626018,43.574862525063985],[1.395304781986105,43.57625690923438]]]],"type":"MultiPolygon"},"properties":{"geo_point_2d":{"lon":1.4003686558129624,"lat":43.571038665069395},"quartier":17,"nom_quartier":"Mirail -Université / Reynerie / Bellefontaine","num_nom":"17 - Mirail -Université / Reynerie / Bellefontaine","maire_de_quartier":"Gaëtan Cognard"}},{"type":"Feature","geometry":{"coordinates":[[[[1.4197090654778,43.567314642705924],[1.419734034767844,43.567873203161525],[1.419657557964712,43.56836268589621],[1.419341204125074,43.56879723025668],[1.419329275250104,43.568811327017606],[1.419316047100815,43.568826351263475],[1.41930411821435,43.56884044802163],[1.419290877144587,43.56885453582671],[1.419277648445554,43.568868623799524],[1.419264432350178,43.568882702940805],[1.419251203871861,43.568896781911135],[1.419236662975533,43.568910860926785],[1.419223458708315,43.56892400396412],[1.419208930408886,43.56893807414617],[1.419194413949958,43.56895120822732],[1.419179885637373,43.56896527840558],[1.419165369398662,43.56897840348363],[1.419150852920783,43.568991537559114],[1.419135037098398,43.569004644849834],[1.419120520607761,43.56901777892139],[1.419109976541932,43.56902620502314],[1.41909416046886,43.569039321307464],[1.419078368847805,43.56905149266059],[1.419062540151576,43.569064617770394],[1.419045436335145,43.56907678016451],[1.419029644694698,43.56908895151085],[1.419012540864906,43.5691011139],[1.418996737067677,43.56911327607302],[1.418979645307993,43.56912449335894],[1.418962553835188,43.56913665590991],[1.418945437601781,43.56914881811953],[1.418928358199633,43.56916003556711],[1.418909966839633,43.569171235056636],[1.418892887424702,43.56918245249888],[1.41887449605145,43.569193651982665],[1.418856104438478,43.56920486046282],[1.418839037089922,43.56921513279875],[1.418825905419581,43.56922259620066],[1.418816697344703,43.56922819576812],[1.418806214213003,43.569233786885725],[1.418795718702472,43.569239377832965],[1.418785223190021,43.56924496877924],[1.418774739762313,43.569249614626344],[1.418764268709928,43.56925426064188],[1.418752461005615,43.569259842627346],[1.418741977572866,43.56926448847146],[1.41873149413852,43.56926913431461],[1.418719735357228,43.56927282643914],[1.418707952342882,43.56927745449191],[1.418697480991592,43.56928115523378],[1.418694869516782,43.569282073754316],[1.418662167788075,43.56929317635265],[1.418630778412835,43.5693033246348],[1.418598077127127,43.5693144092163],[1.41856408810862,43.5693245398997],[1.41853138656643,43.569335633461534],[1.418498709713283,43.56934577308607],[1.418466020472351,43.56935591253187],[1.418432055877781,43.569365098247594],[1.418399366382397,43.56937524667379],[1.418365389623158,43.569384423201086],[1.41833271196684,43.569393635509584],[1.418298735187359,43.5694028120172],[1.418296123468294,43.56940373952799],[1.418269994030641,43.56941109693022],[1.418243864537722,43.56941750005965],[1.418217735087888,43.56942485745002],[1.418190305537461,43.569431260772056],[1.418164188404518,43.569437664052906],[1.418136758562348,43.56944312209465],[1.418110653562592,43.56944953453213],[1.418083236087266,43.56945499273066],[1.418057118699861,43.569461404986534],[1.418029701214424,43.569466863172316],[1.418007532163944,43.569470457682925],[1.417989262086507,43.5694740965793],[1.41796968004901,43.56947771750665],[1.417951409967149,43.56948135639703],[1.417931852168688,43.56948404138874],[1.417913594415833,43.56948672617581],[1.417894024237027,43.56948941099159],[1.417874466666585,43.56949208697426],[1.41785620867568,43.56949478075155],[1.417836663203093,43.569496511629765],[1.417817117729398,43.56949824250471],[1.417801471231765,43.56950001777275],[1.417780638551539,43.569501731012444],[1.417759780883074,43.569503452908684],[1.41773893535726,43.56950518397001],[1.417718102166474,43.56950596093024],[1.417697269481883,43.569507674154906],[1.41767643605657,43.56950846010695],[1.417655602863872,43.569509237055904],[1.417634781775002,43.56950906890311],[1.417613948814727,43.569509836845235],[1.417593140102732,43.569509668854465],[1.417572319013886,43.56950950069044],[1.417561908352926,43.56950942110666],[1.417537188053509,43.56950921753112],[1.417512467754259,43.569509013950295],[1.417487747455174,43.56950881036419],[1.417463039030088,43.56950767067413],[1.417438342982889,43.56950653114835],[1.417413622649055,43.56950537327952],[1.417388926603706,43.56950423374316],[1.41736423052405,43.569502139934684],[1.417340834528561,43.56950100019286],[1.417316138451861,43.5694989063741],[1.417291442376857,43.56949681255005],[1.417279744247142,43.569495770038614],[1.417258972138163,43.5694937119613],[1.417236875462437,43.56949164473552],[1.417216103090172,43.56948864138298],[1.417194006650952,43.56948656514969],[1.417173234515743,43.56948355279012],[1.41715116233539,43.56948054061958],[1.417130390204344,43.56947752825227],[1.417108305651323,43.56947451590397],[1.417087558014212,43.56947055860061],[1.41706678565646,43.56946755522119],[1.417046025647449,43.56946359774075],[1.4170447134569,43.56946358876345],[1.417023965594375,43.56945964044795],[1.417003217704947,43.569454737861875],[1.416982457704409,43.56945078037],[1.416961722198275,43.56944587794607],[1.416940949593227,43.569441929276465],[1.416920213860169,43.569437035844366],[1.416899490712676,43.56943117931196],[1.416878730232688,43.5694262855332],[1.416857994743195,43.56942138309061],[1.416838570952973,43.569415553355725],[1.416817835210375,43.569409705638336],[1.41582492992083,43.56916037256165],[1.415454382806253,43.56914127381134],[1.41508437908534,43.5691704258213],[1.413920685753165,43.569533722191494],[1.412600501521841,43.57025525473205],[1.412008444623216,43.57075944252211],[1.412003282304652,43.570756553774835],[1.412001970272515,43.57075749000737],[1.411381432651938,43.57141943940502],[1.41113087765778,43.57180152668445],[1.410635141940419,43.57255437633689],[1.409907328513497,43.573670531367405],[1.409260451684899,43.57468516748827],[1.407711976051913,43.5771059216436],[1.405717805642696,43.58022596008357],[1.404384084399142,43.582293645823846],[1.402492181201686,43.58526025078962],[1.405098701071172,43.58613040761394],[1.406142611348801,43.58646257130055],[1.406925672145649,43.58674622527693],[1.408937676863485,43.58953111356613],[1.409177507444503,43.589930451694784],[1.409508929544842,43.59055004370008],[1.409816220170542,43.590964136427516],[1.409986156480063,43.59125313990258],[1.410092050544484,43.59156056331603],[1.410104622660724,43.5917565037095],[1.410108583470532,43.59192022286158],[1.410097530718942,43.59204596115616],[1.40992938827614,43.59247980785575],[1.409768274717966,43.592712186041524],[1.409491863785409,43.5929928149055],[1.409021646610338,43.59326333928625],[1.408977311895908,43.5933519162743],[1.409046650972906,43.59358145211075],[1.40985556927346,43.59346318348801],[1.410643851666192,43.593415699805405],[1.412232071244491,43.59349491179111],[1.415457250994802,43.59370001286594],[1.417941492242951,43.593922673968166],[1.418870717656025,43.59402292985674],[1.419199600286062,43.59405303165759],[1.420010255726901,43.59399053099821],[1.420977673198103,43.593807238387555],[1.421772139713335,43.5935260423471],[1.422366788776741,43.59320252977841],[1.422943821974193,43.59266790095073],[1.423389710552032,43.59211138684972],[1.423706349822087,43.59115267108884],[1.4236658786192,43.590393547084155],[1.423356018667465,43.58852339392944],[1.423177930009043,43.58740079015406],[1.423114962307096,43.58700669513427],[1.422430837055091,43.58305770408738],[1.422182679110553,43.582009274066564],[1.421849908747619,43.581046264139275],[1.421301000272025,43.57992066808622],[1.420609523624289,43.57867280189595],[1.419536382292277,43.5767718467624],[1.419356842889704,43.57608918080507],[1.419190634968285,43.575471901793904],[1.419189969209942,43.574414126878104],[1.419376072492671,43.573649264434096],[1.419784507878031,43.57272820656856],[1.419983613563165,43.572387322361635],[1.420334190163684,43.57192845164894],[1.420708391021423,43.57154072548254],[1.421145039727721,43.57115350046543],[1.42165189766733,43.57077063598464],[1.422262879635538,43.570384825148324],[1.42278899622247,43.57010238958991],[1.423869882889325,43.56970523178212],[1.424353275921218,43.56957856172512],[1.422983379435763,43.56921838687508],[1.421772524316644,43.56892476327323],[1.421008258732065,43.56869907888755],[1.420521822717017,43.56851538589819],[1.420230270445002,43.56835123568488],[1.4199334460991,43.568021465402566],[1.419768651835884,43.5674827245283],[1.4197090654778,43.567314642705924]]]],"type":"MultiPolygon"},"properties":{"geo_point_2d":{"lon":1.4146879947518618,"lat":43.58241995854114},"quartier":16,"nom_quartier":"Fontaine-Lestang/Arènes/Bagatelle/Papus/Tabar/Bordelongue/Mermoz /La Faourette","num_nom":"16 - Fontaine-Lestang/Arènes/Bagatelle/Papus/Tabar/Bordelongue/Mermoz /La Faourette","maire_de_quartier":"Florian Delrieu"}},{"type":"Feature","geometry":{"coordinates":[[[[1.431008573197477,43.57055638031877],[1.430030107243428,43.570444258341865],[1.429229392990748,43.570336003360396],[1.428027092629305,43.570222288145175],[1.426859505649868,43.57006034757598],[1.425925583468146,43.5699259128156],[1.4251589782868,43.5697937514024],[1.424353275921218,43.56957856172512],[1.423869882889325,43.56970523178212],[1.42278899622247,43.57010238958991],[1.422262879635538,43.570384825148324],[1.42165189766733,43.57077063598464],[1.421145039727721,43.57115350046543],[1.420708391021423,43.57154072548254],[1.420334190163684,43.57192845164894],[1.419983613563165,43.572387322361635],[1.419784507878031,43.57272820656856],[1.419376072492671,43.573649264434096],[1.419189969209942,43.574414126878104],[1.419190634968285,43.575471901793904],[1.419356842889704,43.57608918080507],[1.419536382292277,43.5767718467624],[1.420609523624289,43.57867280189595],[1.421301000272025,43.57992066808622],[1.421849908747619,43.581046264139275],[1.422182679110553,43.582009274066564],[1.422430837055091,43.58305770408738],[1.423114962307096,43.58700669513427],[1.423177930009043,43.58740079015406],[1.423356018667465,43.58852339392944],[1.4236658786192,43.590393547084155],[1.426595359980915,43.59188647772812],[1.427073860041703,43.5921779448695],[1.427662179128014,43.59252422540614],[1.428594765717665,43.59214568239488],[1.428824464655996,43.59253448694721],[1.428921074343613,43.59268759004929],[1.429234452024589,43.59236652939249],[1.429385381020894,43.59228637056692],[1.429894547919076,43.59210217680457],[1.430305529811325,43.59195407934216],[1.430740094748256,43.59179576783685],[1.430753806022859,43.59175046481022],[1.430705847680561,43.59165073301598],[1.430646231107066,43.59146198903561],[1.430683611083496,43.59139983980809],[1.431988212722715,43.59112264665251],[1.433044067974552,43.59085291438167],[1.434770419754538,43.590298137865446],[1.434770669455477,43.59029806022568],[1.432812175888411,43.58811107221571],[1.431093192753587,43.58610384616477],[1.430121766306641,43.584674038785465],[1.429849304465414,43.584273536372],[1.429153268899547,43.58296797664551],[1.428573934040856,43.58186487956317],[1.428195031947725,43.58067728074092],[1.427984556758083,43.578855245517126],[1.428244190743083,43.57744191587407],[1.429060731042446,43.576033061652936],[1.430411786192165,43.57335687617652],[1.43065953179851,43.572723055492595],[1.431008573197477,43.57055638031877]]]],"type":"MultiPolygon"},"properties":{"geo_point_2d":{"lon":1.4260254201663827,"lat":43.58066071607402},"quartier":15,"nom_quartier":"Croix-de-Pierre / Route d'Espagne","num_nom":"15 - Croix-de-Pierre / Route d'Espagne","maire_de_quartier":"Jean-Paul Bouche"}},{"type":"Feature","geometry":{"coordinates":[[[[1.438801226756593,43.5693780894773],[1.43847460712673,43.57059222233543],[1.437959363191785,43.571367742381526],[1.436911707881879,43.57250045080609],[1.435900262833891,43.571746858271496],[1.435273662575847,43.5713605757364],[1.434597147404536,43.5710921668876],[1.434015320324455,43.57093046548601],[1.433341465864465,43.570830476500376],[1.431008573197477,43.57055638031877],[1.430030107243428,43.570444258341865],[1.429229392990748,43.570336003360396],[1.428027092629305,43.570222288145175],[1.426859505649868,43.57006034757598],[1.425925583468146,43.5699259128156],[1.4251589782868,43.5697937514024],[1.424353275921218,43.56957856172512],[1.422983379435763,43.56921838687508],[1.421772524316644,43.56892476327323],[1.421008258732065,43.56869907888755],[1.420521822717017,43.56851538589819],[1.420230270445002,43.56835123568488],[1.4199334460991,43.568021465402566],[1.419768651835884,43.5674827245283],[1.4197090654778,43.567314642705924],[1.419734034767844,43.567873203161525],[1.419657557964712,43.56836268589621],[1.419341204125074,43.56879723025668],[1.419329275250104,43.568811327017606],[1.419316047100815,43.568826351263475],[1.41930411821435,43.56884044802163],[1.419290877144587,43.56885453582671],[1.419277648445554,43.568868623799524],[1.419264432350178,43.568882702940805],[1.419251203871861,43.568896781911135],[1.419236662975533,43.568910860926785],[1.419223458708315,43.56892400396412],[1.419208930408886,43.56893807414617],[1.419194413949958,43.56895120822732],[1.419179885637373,43.56896527840558],[1.419165369398662,43.56897840348363],[1.419150852920783,43.568991537559114],[1.419135037098398,43.569004644849834],[1.419120520607761,43.56901777892139],[1.419109976541932,43.56902620502314],[1.41909416046886,43.569039321307464],[1.419078368847805,43.56905149266059],[1.419062540151576,43.569064617770394],[1.419045436335145,43.56907678016451],[1.419029644694698,43.56908895151085],[1.419012540864906,43.5691011139],[1.418996737067677,43.56911327607302],[1.418979645307993,43.56912449335894],[1.418962553835188,43.56913665590991],[1.418945437601781,43.56914881811953],[1.418928358199633,43.56916003556711],[1.418909966839633,43.569171235056636],[1.418892887424702,43.56918245249888],[1.41887449605145,43.569193651982665],[1.418856104438478,43.56920486046282],[1.418839037089922,43.56921513279875],[1.418825905419581,43.56922259620066],[1.418816697344703,43.56922819576812],[1.418806214213003,43.569233786885725],[1.418795718702472,43.569239377832965],[1.418785223190021,43.56924496877924],[1.418774739762313,43.569249614626344],[1.418764268709928,43.56925426064188],[1.418752461005615,43.569259842627346],[1.418741977572866,43.56926448847146],[1.41873149413852,43.56926913431461],[1.418719735357228,43.56927282643914],[1.418707952342882,43.56927745449191],[1.418697480991592,43.56928115523378],[1.418694869516782,43.569282073754316],[1.418662167788075,43.56929317635265],[1.418630778412835,43.5693033246348],[1.418598077127127,43.5693144092163],[1.41856408810862,43.5693245398997],[1.41853138656643,43.569335633461534],[1.418498709713283,43.56934577308607],[1.418466020472351,43.56935591253187],[1.418432055877781,43.569365098247594],[1.418399366382397,43.56937524667379],[1.418365389623158,43.569384423201086],[1.41833271196684,43.569393635509584],[1.418298735187359,43.5694028120172],[1.418296123468294,43.56940373952799],[1.418269994030641,43.56941109693022],[1.418243864537722,43.56941750005965],[1.418217735087888,43.56942485745002],[1.418190305537461,43.569431260772056],[1.418164188404518,43.569437664052906],[1.418136758562348,43.56944312209465],[1.418110653562592,43.56944953453213],[1.418083236087266,43.56945499273066],[1.418057118699861,43.569461404986534],[1.418029701214424,43.569466863172316],[1.418007532163944,43.569470457682925],[1.417989262086507,43.5694740965793],[1.41796968004901,43.56947771750665],[1.417951409967149,43.56948135639703],[1.417931852168688,43.56948404138874],[1.417913594415833,43.56948672617581],[1.417894024237027,43.56948941099159],[1.417874466666585,43.56949208697426],[1.41785620867568,43.56949478075155],[1.417836663203093,43.569496511629765],[1.417817117729398,43.56949824250471],[1.417801471231765,43.56950001777275],[1.417780638551539,43.569501731012444],[1.417759780883074,43.569503452908684],[1.41773893535726,43.56950518397001],[1.417718102166474,43.56950596093024],[1.417697269481883,43.569507674154906],[1.41767643605657,43.56950846010695],[1.417655602863872,43.569509237055904],[1.417634781775002,43.56950906890311],[1.417613948814727,43.569509836845235],[1.417593140102732,43.569509668854465],[1.417572319013886,43.56950950069044],[1.417561908352926,43.56950942110666],[1.417537188053509,43.56950921753112],[1.417512467754259,43.569509013950295],[1.417487747455174,43.56950881036419],[1.417463039030088,43.56950767067413],[1.417438342982889,43.56950653114835],[1.417413622649055,43.56950537327952],[1.417388926603706,43.56950423374316],[1.41736423052405,43.569502139934684],[1.417340834528561,43.56950100019286],[1.417316138451861,43.5694989063741],[1.417291442376857,43.56949681255005],[1.417279744247142,43.569495770038614],[1.417258972138163,43.5694937119613],[1.417236875462437,43.56949164473552],[1.417216103090172,43.56948864138298],[1.417194006650952,43.56948656514969],[1.417173234515743,43.56948355279012],[1.41715116233539,43.56948054061958],[1.417130390204344,43.56947752825227],[1.417108305651323,43.56947451590397],[1.417087558014212,43.56947055860061],[1.41706678565646,43.56946755522119],[1.417046025647449,43.56946359774075],[1.4170447134569,43.56946358876345],[1.417023965594375,43.56945964044795],[1.417003217704947,43.569454737861875],[1.416982457704409,43.56945078037],[1.416961722198275,43.56944587794607],[1.416940949593227,43.569441929276465],[1.416920213860169,43.569437035844366],[1.416899490712676,43.56943117931196],[1.416878730232688,43.5694262855332],[1.416857994743195,43.56942138309061],[1.416838570952973,43.569415553355725],[1.416817835210375,43.569409705638336],[1.41582492992083,43.56916037256165],[1.415454382806253,43.56914127381134],[1.41508437908534,43.5691704258213],[1.413920685753165,43.569533722191494],[1.412600501521841,43.57025525473205],[1.412008444623216,43.57075944252211],[1.412003282304652,43.570756553774835],[1.412001970272515,43.57075749000737],[1.411381432651938,43.57141943940502],[1.41113087765778,43.57180152668445],[1.410635141940419,43.57255437633689],[1.41047534675172,43.572116906193166],[1.409927527608867,43.570772691330426],[1.409064880897608,43.57093404167985],[1.408708696770639,43.57091030286556],[1.408266513292011,43.56963791567423],[1.408084674679226,43.56911320926266],[1.407768355908792,43.56820043122075],[1.407035910041214,43.567522669468424],[1.407033764902559,43.56707418732684],[1.406427669960286,43.56622147045608],[1.406216174960634,43.56601631052724],[1.405740947671211,43.56586859302949],[1.404092630317561,43.56551913946539],[1.403698227549031,43.56469559191031],[1.402982424693543,43.56379086183103],[1.405710956652007,43.563198355286296],[1.407493736347766,43.56276171016378],[1.406757479807614,43.562166211273265],[1.406299436322091,43.56233748607208],[1.40439345470379,43.56274850922585],[1.404249504763229,43.56271893687408],[1.403453967099968,43.56208793764266],[1.402629124165945,43.561419778831684],[1.402627773475683,43.56133934921446],[1.402693060680351,43.56124053959736],[1.403230731435427,43.561219435290276],[1.405076657988017,43.56081928777047],[1.403930538345807,43.559894944489315],[1.402665471951612,43.55867628845711],[1.40208485835397,43.55811612045727],[1.399644508870192,43.55867875527284],[1.398205558221396,43.55901311493238],[1.395826265527585,43.55957618350233],[1.395130060872981,43.55983436641638],[1.394411059807976,43.56013492759765],[1.390723696813603,43.56187626375592],[1.387340002795164,43.56340905568309],[1.385991531712305,43.56401556937762],[1.383991820551895,43.56482472697404],[1.382606492354428,43.565289903542684],[1.380267279993671,43.56608857198836],[1.378943531191372,43.56660531629394],[1.378141147063387,43.566983605445365],[1.377361119658427,43.56742735496933],[1.376632979462571,43.56788100212125],[1.375819149974113,43.56832161964344],[1.37544045928423,43.56848586788293],[1.374990574936747,43.56862681403346],[1.374700333615476,43.568630959376534],[1.374401313465623,43.568695594988135],[1.37417034951608,43.568816634679955],[1.373998433125577,43.56898737115734],[1.373862245181065,43.56920287610396],[1.373596733858937,43.56920628650049],[1.373428139919766,43.56925216679951],[1.373323678279724,43.569355351215],[1.373194151088089,43.5697222919353],[1.372817238997444,43.570098487029725],[1.372584646213436,43.57040021890193],[1.372375446128438,43.57070498066017],[1.372343033076804,43.570817326591886],[1.37226860267779,43.5710265246646],[1.372118606011995,43.57122966147959],[1.371838897923043,43.5713909175687],[1.371897244027104,43.571526904865514],[1.371893108829201,43.57168202439512],[1.371758207099183,43.57183531000859],[1.371522066803218,43.57191207780206],[1.371213149709012,43.571877690304134],[1.370906930167137,43.57225882800902],[1.370843112453233,43.57232801333572],[1.37050226027956,43.572458371335806],[1.370098535112128,43.572622879475546],[1.36977129753207,43.57275843286911],[1.369363237452618,43.57282776483408],[1.368824249599789,43.57290025234],[1.368806263138984,43.57290285221512],[1.368562954314205,43.571494632279936],[1.368546223979583,43.57148313376123],[1.368544937234922,43.57148217031662],[1.36834545997457,43.57134516934255],[1.368040403764564,43.57113819379616],[1.367636191414388,43.570867932461596],[1.367347844106541,43.57067434389038],[1.3670621242967,43.57047887414301],[1.366843837788135,43.57029818496342],[1.366650157418769,43.570125270391536],[1.366367874862866,43.569879702846904],[1.366038417642147,43.56957316780842],[1.365261262994462,43.568872032404244],[1.364954915420266,43.56858556378196],[1.364631997506182,43.56835854710786],[1.364298722561085,43.56812861902669],[1.363895808446076,43.5678602347355],[1.362970872368696,43.56728743787756],[1.362824295352828,43.56717926464422],[1.362453769108783,43.56692061577379],[1.362341949406536,43.56683545017289],[1.362240642650034,43.56674469882428],[1.362115532834063,43.56659696531074],[1.361916167889238,43.56629532295108],[1.361835492140718,43.56613567849125],[1.361740562174907,43.5658926474323],[1.361731119426207,43.56583296106228],[1.361734853152923,43.5657639187613],[1.361782056835277,43.565582662860905],[1.361881712193523,43.565294956316436],[1.361889189137209,43.56523636513154],[1.361886656769381,43.56515213652843],[1.361784719384844,43.564780367286545],[1.361588207251105,43.56406433681502],[1.361498270056486,43.56391502165434],[1.361277750179945,43.56363400882397],[1.3609244501476,43.563198579636385],[1.360546902341003,43.56273455476882],[1.360390232691403,43.56252788984925],[1.359827686480242,43.561362126092845],[1.359494126363501,43.56067517678116],[1.359347388298333,43.56041940667535],[1.359358210800613,43.56039395682959],[1.35957871924601,43.560355172286016],[1.360457973542895,43.56013190337434],[1.361055033095166,43.55997999432844],[1.36139209743274,43.55989395769201],[1.361706772331101,43.55982477059064],[1.362017496939578,43.55975837146157],[1.362257570410801,43.55971692443469],[1.362490992087819,43.55968392613262],[1.362725597455718,43.55965756109273],[1.362927612050822,43.55963564012027],[1.363141514522272,43.559603417174586],[1.363598358844198,43.55951178837983],[1.363851708763336,43.559453412110315],[1.364108956731771,43.55939507249321],[1.364384589677202,43.559326486554454],[1.364712394642404,43.55924982501451],[1.364977643740182,43.55917924512051],[1.365216760565844,43.559116019043934],[1.366155005770506,43.558861987834476],[1.366398044663133,43.55879689725468],[1.366675035579159,43.558725471277086],[1.366791036208439,43.55871226619143],[1.369057897536824,43.55731342509481],[1.37139369114749,43.55590943552385],[1.372024879178848,43.55557326241306],[1.372418188112967,43.5553854916465],[1.372995847552162,43.55505926314045],[1.373367034564908,43.55479088294177],[1.373888362732708,43.554407401069824],[1.374751888519508,43.55369663407664],[1.375249796271169,43.55331389690979],[1.37483397656617,43.553041649042136],[1.37427503723633,43.55269061945516],[1.37376225730344,43.55238254048588],[1.373696549908485,43.552343200914386],[1.373632040843646,43.5523095318467],[1.373122451758692,43.55204594996461],[1.373056618067716,43.5520141704673],[1.372627873106735,43.55181938913502],[1.372456105570224,43.55174223756956],[1.372122992581584,43.55158612697335],[1.371842809405606,43.5514560050541],[1.371517150450154,43.551322666443035],[1.371334723422492,43.55126055934797],[1.37118076694774,43.55120815325046],[1.371072198021209,43.55116464256498],[1.370849862729582,43.55107759257542],[1.369728210542316,43.55061576337823],[1.368021411503445,43.5498991264024],[1.368331784243885,43.549690796737075],[1.368581056918088,43.54955952129226],[1.371735719378656,43.548014945004226],[1.372533054059202,43.54761395192309],[1.374810013661756,43.546443090236274],[1.376382415613346,43.545643723739936],[1.381098749656005,43.543043933993815],[1.38048258571893,43.54277759254197],[1.380889188943087,43.54199478644338],[1.380953684037744,43.54186571016325],[1.381012843017869,43.54174511156923],[1.381502645613076,43.54071984833315],[1.382040828071967,43.53959564618471],[1.382254743321061,43.53914898666287],[1.383262154983208,43.53861155656018],[1.384597519203669,43.53944878756619],[1.3863548067969,43.53829035385715],[1.388667974084005,43.536763773174414],[1.389087045004685,43.53699151859246],[1.389635993105787,43.53739443829311],[1.390174878276307,43.53785877516161],[1.390572276179465,43.53814121003054],[1.390939375139628,43.53836662148718],[1.391472987095544,43.53850637748547],[1.392328514716033,43.53860529417549],[1.393313959028367,43.53895980621765],[1.393402037650465,43.53906461633369],[1.393899758819245,43.54008018879192],[1.394202321840455,43.54060592039405],[1.394359448656245,43.54078605175193],[1.394747180486815,43.5411071744493],[1.39489252711491,43.54121056473676],[1.395228862506876,43.541326908297044],[1.395319616923284,43.54134468938169],[1.396055600554717,43.54135553602663],[1.396364023725747,43.54134485734688],[1.397800759738942,43.54145614220528],[1.39823393458351,43.542032135817514],[1.400699096724233,43.54433086183825],[1.401688081450857,43.54363604804639],[1.403191354233837,43.54515565531015],[1.405308343832248,43.54368767511369],[1.405371340295467,43.54373550271168],[1.40681189246416,43.54519588548147],[1.407258790601336,43.545648966655435],[1.407417588035254,43.54581016978528],[1.410198381218363,43.54867421209295],[1.410592730855709,43.54908048947744],[1.411602204225521,43.54865636620352],[1.413985080610579,43.547654007504256],[1.414680182248212,43.547368266856786],[1.414837405683684,43.54729480333635],[1.416226530886881,43.54670815967931],[1.4162381150414,43.546715817703266],[1.418448783394732,43.54599107683159],[1.418710914124907,43.54586168935369],[1.421062615467479,43.54492704445678],[1.422171575300182,43.54445159730364],[1.42332901982436,43.543865835855776],[1.423946869433541,43.54437510150832],[1.424342514544611,43.54470092934194],[1.424507239924814,43.54481673532483],[1.424696591382961,43.5449374773145],[1.424838522097529,43.54501242425019],[1.425125008142863,43.5451623263644],[1.425352415430764,43.545261610943136],[1.425692753179083,43.54537599254358],[1.426226804721998,43.54558182358452],[1.426358947458827,43.54561694287123],[1.427525666196541,43.5460454593959],[1.427653082944638,43.54605027320413],[1.42783946112123,43.54602432659712],[1.427994391798938,43.54610126503871],[1.428105663166336,43.54614000528742],[1.42821739178841,43.54614846702628],[1.428380599333426,43.54610815117302],[1.428512202607623,43.54609311633926],[1.428594034759202,43.54610040565583],[1.428805244382273,43.54606803446038],[1.429025512766971,43.54603857690924],[1.429775522034663,43.54590078431457],[1.431845087575631,43.54554835913119],[1.433226003679104,43.54531813726522],[1.434602988040717,43.54508975425532],[1.436765188911721,43.544714325413224],[1.436766500343442,43.544714343166106],[1.437803910404195,43.547000867432324],[1.438423920488659,43.55066730697938],[1.439075493965813,43.556916931014605],[1.439056602268243,43.55817512711435],[1.43899508716503,43.558893694851704],[1.438898957456478,43.55931680062613],[1.438843235954732,43.560082718464336],[1.438323476376912,43.56220453992496],[1.438004722109217,43.56402141608144],[1.437957646308701,43.564989888260655],[1.438103707530142,43.566006236090296],[1.438416888206533,43.56681198789005],[1.438787667987415,43.568114904400616],[1.438801226756593,43.5693780894773]]]],"type":"MultiPolygon"},"properties":{"geo_point_2d":{"lon":1.4028848359019992,"lat":43.55613770525701},"quartier":14,"nom_quartier":"Saint-Simon / Lafourguette / Oncopole - Campus Santé du Futur","num_nom":"14 - Saint-Simon / Lafourguette / Oncopole - Campus Santé du Futur","maire_de_quartier":"Christophe Alvès"}},{"type":"Feature","geometry":{"coordinates":[[[[1.436766512146996,43.544713398058036],[1.436766500343442,43.544714343166106],[1.437803910404195,43.547000867432324],[1.438423920488659,43.55066730697938],[1.439075493965813,43.556916931014605],[1.439056602268243,43.55817512711435],[1.43899508716503,43.558893694851704],[1.438898957456478,43.55931680062613],[1.438843235954732,43.560082718464336],[1.438323476376912,43.56220453992496],[1.438004722109217,43.56402141608144],[1.437957646308701,43.564989888260655],[1.438103707530142,43.566006236090296],[1.438416888206533,43.56681198789005],[1.438787667987415,43.568114904400616],[1.438801226756593,43.5693780894773],[1.43847460712673,43.57059222233543],[1.437959363191785,43.571367742381526],[1.436911707881879,43.57250045080609],[1.437721178768718,43.573102942426495],[1.438740801228358,43.573834824611524],[1.440224285575318,43.57496490018103],[1.440763702981589,43.575355199337714],[1.441335999100081,43.575636001520124],[1.441938239501581,43.5758290346451],[1.442598914231048,43.575944008857164],[1.443037180752538,43.57596355431566],[1.443567214887971,43.57593840390232],[1.44449213693384,43.576424856225614],[1.447523485943004,43.578019347416095],[1.450410018072288,43.57968905473584],[1.450796905911345,43.579996264604674],[1.451775293737135,43.58073425230421],[1.452585672209682,43.58154548456109],[1.453067480631119,43.582169410600436],[1.455770241580446,43.58573276162036],[1.460080328677611,43.58755723676504],[1.460472097177137,43.587559323796604],[1.460556105506991,43.58715597544006],[1.461159515878704,43.585592918185895],[1.461682275936801,43.58429131105953],[1.462175755161737,43.583299794692074],[1.462931205461385,43.581925234836376],[1.463129626218927,43.58161738188803],[1.463955449794283,43.580768455115624],[1.46454534849871,43.58021006345431],[1.465042520911579,43.57976258876857],[1.46530517700634,43.579511049093924],[1.465704043863773,43.57875342995571],[1.465880249226508,43.57818238051107],[1.46593524582215,43.57789139728453],[1.466027954024731,43.57688733110281],[1.466108556428866,43.576624928147005],[1.466348309751692,43.57615749267011],[1.466649637349744,43.575840970789464],[1.467209889960318,43.57552547980502],[1.467756320042755,43.57526666195964],[1.46864130693901,43.57481362852717],[1.469007131022397,43.57453449615354],[1.4694798842957,43.57387244894415],[1.469872536951133,43.57312258286169],[1.470071183329049,43.571826491488906],[1.470062935747525,43.57049745654092],[1.470584672286263,43.56956806948059],[1.471146418170399,43.56869962462591],[1.471146418170399,43.56869962462591],[1.471474871297559,43.56719382554855],[1.471373006160595,43.56462523144217],[1.471561003853795,43.56375182839319],[1.472081161658479,43.56288282784342],[1.473646085923752,43.56175580667017],[1.47589183324232,43.55997328078761],[1.47805290988395,43.558250002542216],[1.479291257998539,43.55740667117202],[1.479291257998539,43.55740667117202],[1.478901562527867,43.557364926950534],[1.478471135586506,43.55735125458018],[1.478291560091454,43.55735462344077],[1.47758683351075,43.557327521020014],[1.477481586620803,43.55731820260596],[1.477279347274698,43.55726936312045],[1.476850517430279,43.557145002828655],[1.476318233212411,43.55697727086019],[1.476131682068087,43.5569228747272],[1.475983846341543,43.55689052295735],[1.475478687606115,43.55673719775879],[1.475368631676053,43.556700401502084],[1.475161471115618,43.556631651914444],[1.474839582514128,43.556489178497614],[1.474765165861817,43.556417652710536],[1.474746449129382,43.556362634703866],[1.474223384891211,43.55600763779865],[1.473660527269231,43.55570626223994],[1.473351598251094,43.55556860104322],[1.472912133875852,43.55537130044844],[1.47266945195643,43.555240769942],[1.472652660142007,43.55523213060217],[1.472446080388488,43.555123637874786],[1.472395667372687,43.55501161082757],[1.472226760287737,43.55481730945702],[1.471744827359277,43.55422892511851],[1.471663479021382,43.55409679098393],[1.471496969180381,43.55391669900792],[1.471392921718585,43.55382508137848],[1.471123796230587,43.5536347452283],[1.470894257140953,43.55349485114816],[1.470643904469397,43.55335574327662],[1.470413794539938,43.55325653175224],[1.469721190824972,43.553024159064925],[1.46950903481035,43.552942108200504],[1.469015092155722,43.55273679625807],[1.468813011745054,43.55267753684206],[1.468732534160783,43.552665567885725],[1.467994140360569,43.552362817402916],[1.467699316806425,43.5522413340299],[1.467628097917843,43.55221902626391],[1.467474240949401,43.55215446264701],[1.467246831525288,43.55204863665694],[1.467003727168765,43.55185849181096],[1.466984788511832,43.55181955681632],[1.466896403243932,43.5517252080227],[1.466619080156229,43.55147330124448],[1.466437948613393,43.55140567332366],[1.466383773961322,43.55137403946341],[1.466294836451568,43.55131752923444],[1.466256336421297,43.55128127814079],[1.46604263082783,43.55112826065092],[1.465720983170449,43.550884522259686],[1.465630851027749,43.55082043354275],[1.465553471591888,43.550774429114895],[1.465425875027304,43.55069302583527],[1.465389571116868,43.55068517941804],[1.465366296294742,43.550675534577806],[1.465174108242062,43.5505633574725],[1.465015920320759,43.55052808097325],[1.464818455117023,43.55042154068772],[1.464682018256839,43.55032209510667],[1.464467448581296,43.55013972398759],[1.464367188941427,43.55005663938631],[1.464282812654284,43.549955706926525],[1.4642445922116,43.54990053562176],[1.464226585523701,43.549887152548315],[1.4642177088078,43.54987099208465],[1.463694001460665,43.549656915484974],[1.463597064364438,43.54961453859065],[1.463493780918683,43.549561706317625],[1.463457639827061,43.54954250031023],[1.463404732607527,43.54951276337198],[1.463359622336919,43.549484039402756],[1.463322194538137,43.549464816230866],[1.463089268666206,43.54938165760552],[1.463066294421867,43.5493502572809],[1.462891681978445,43.54928268336346],[1.462676032775378,43.54917505100767],[1.462410959016138,43.549066085024776],[1.462141600910389,43.548716775957686],[1.462142505112645,43.548655282997025],[1.46181576625909,43.54822700432213],[1.461772549299795,43.54815854091354],[1.461682669157039,43.548078373854366],[1.461628789673657,43.548026873088865],[1.461547645863307,43.54788338173044],[1.461495553525894,43.547798766528636],[1.461439377197217,43.54772643030469],[1.461305353049292,43.54764024629876],[1.461167675642595,43.54753794399842],[1.461109238269907,43.54744287317993],[1.461061427045836,43.547331811460154],[1.461041507031461,43.54727111225616],[1.461006029377309,43.547206487688555],[1.460988800753784,43.54713918049674],[1.460973231953209,43.54695930120392],[1.460965504986343,43.546775691341104],[1.461034186880931,43.54652739051824],[1.461154772070238,43.54610919294925],[1.461172765936239,43.54594659553016],[1.461196605612097,43.54582756707071],[1.461217104079546,43.54540481275093],[1.461194516031539,43.54517094187797],[1.461201626988243,43.54504043734642],[1.46125206814267,43.54461601132904],[1.46128504974668,43.54458410481004],[1.46147030806004,43.54454580083289],[1.461758350141377,43.54432757335398],[1.461813791168509,43.544272181245894],[1.461903325369309,43.54410824991468],[1.46164910489878,43.543437381867356],[1.460970521507638,43.54350213349021],[1.460858631058232,43.543505053429655],[1.46046035874907,43.54352278174727],[1.460071228262311,43.54353869506543],[1.459948977418062,43.54353774892585],[1.459847724377055,43.543523713988115],[1.459572251925928,43.54341750100217],[1.459370955761025,43.54330809082408],[1.459271142935477,43.543285549209905],[1.459119752436217,43.54323139565623],[1.458870814631286,43.543089434947326],[1.458720558404113,43.54313557497933],[1.458534919038061,43.54320036383765],[1.458532296678087,43.54320129210109],[1.458373534718765,43.543029754414874],[1.458332655710846,43.5429792897264],[1.458132271359841,43.5428083843194],[1.457168332707573,43.54343858610912],[1.456957351961175,43.54319188895464],[1.456453313417627,43.54261935343899],[1.455935522328534,43.54209873818491],[1.455583235400156,43.54182161070504],[1.455469915595465,43.54174409573675],[1.455300958638029,43.5415592375154],[1.455040396050997,43.541236459081404],[1.454781905406871,43.540860727842706],[1.454699499506199,43.54071627782834],[1.454700609157396,43.54064059042275],[1.454873513118499,43.54029282288714],[1.45492693964478,43.540109688141946],[1.454950027709859,43.53995470344627],[1.455011170569029,43.539866243471934],[1.45524067793532,43.539647581765884],[1.455581679880686,43.53936640294006],[1.455841415786761,43.53912716847131],[1.456509007908851,43.538569421036925],[1.457173354455109,43.537966226669816],[1.457450747940575,43.53767508190455],[1.457754995297707,43.53732643589351],[1.457900213300342,43.537091032704865],[1.458809703523279,43.53573283744851],[1.458925001234268,43.53540826856638],[1.459006916680661,43.53505504907127],[1.459803322786893,43.534043194502665],[1.460491901482996,43.53320080092265],[1.460733648054232,43.533032372726154],[1.461358621044431,43.53280257704273],[1.461325632966531,43.53274554745856],[1.461299036662057,43.532697092442014],[1.460430964163448,43.53283323389475],[1.459003505349373,43.53333685096351],[1.45803423933848,43.53372103033798],[1.457253085869735,43.53413503810582],[1.456882773341586,43.53429109990905],[1.456806864909544,43.53432268356896],[1.456769062809999,43.53432902024223],[1.456731342711305,43.53432965938952],[1.456601129364502,43.53434094551285],[1.456563338727759,43.534346337005374],[1.456522926300808,43.534352647706605],[1.456490332167408,43.534358063630435],[1.456414739803432,43.53436977364483],[1.456403024507838,43.53437063430834],[1.456321170024235,43.53436620900645],[1.456306902807484,43.534363263475285],[1.456270493028088,43.53436297472431],[1.456155052549049,43.53443114688408],[1.4561365497497,43.53445087611983],[1.456118246403311,43.53445830154218],[1.456095962934875,43.534469472813576],[1.45589467528842,43.534537928152496],[1.455876360607884,43.53454628965003],[1.455854030582638,43.53456125932641],[1.455835597777732,43.53457625411279],[1.455824994584624,43.5345894180643],[1.455812801588768,43.53462338363673],[1.45580226851622,43.53463181318578],[1.455787862082908,43.5346392726702],[1.455729039769891,43.534658678642465],[1.455712023654686,43.53466706648522],[1.455693672434079,43.53467638173522],[1.455684449697007,43.53468388353272],[1.455669950301895,43.534697958629145],[1.455659300786679,43.534714912017115],[1.455649751240709,43.5347441595869],[1.455649494765369,43.53476214323915],[1.455644030049089,43.53478007523254],[1.455633462396602,43.53479134010521],[1.455571633638759,43.534839117813675],[1.455550637275828,43.53485125146546],[1.455486620066032,43.53487251437127],[1.455473534788028,43.53487714668644],[1.455390966802829,43.53492001955819],[1.455330846719803,43.53494130750645],[1.455308539446508,43.534954386849215],[1.45526379842673,43.534990932765695],[1.455194208808792,43.53503486138469],[1.455070947669858,43.535103918120946],[1.455045960847849,43.53512264216506],[1.454977075627254,43.53520819884137],[1.454895455991164,43.535275688007275],[1.454894145605463,43.53527661573866],[1.454837897927986,43.53529889152011],[1.45478040896017,43.5353164243267],[1.454732318765196,43.535315096528485],[1.454662270838158,43.535302248655164],[1.454403797140688,43.53545729672735],[1.454356608201561,43.53548246632392],[1.454269732017653,43.53555274749648],[1.454223924219696,43.53557320919396],[1.45410772914786,43.53560352254151],[1.454107918181856,43.5356792094621],[1.454027185227406,43.535686149781604],[1.453944884030615,43.535711056129486],[1.453907935190711,43.53574671558845],[1.453893071577629,43.53578445327742],[1.453658457824506,43.535908454342206],[1.453538856491618,43.535993628025544],[1.453487828231115,43.53601498278659],[1.453290898787296,43.53614022606741],[1.453172409184748,43.53623863900753],[1.453092376948153,43.53628532530169],[1.452955008027443,43.53634102008377],[1.452788050327296,43.53646175771178],[1.452511542833844,43.53660436151404],[1.452360408799999,43.53662305070496],[1.452176502833816,43.53665850424851],[1.452151620178915,43.53667061220268],[1.452155037666875,43.53670375137109],[1.451939436205859,43.53677208005707],[1.451795218967528,43.536762440215135],[1.451791310256835,43.53676335107703],[1.451615139734777,43.53680360678531],[1.451569646458014,43.53680230350795],[1.451551927013315,43.536769053543374],[1.451497245943919,43.53677335264104],[1.451471028692597,43.536787333086664],[1.451427547411472,43.53682578497233],[1.451341650870264,43.53682985439111],[1.451323404341571,43.53683254448759],[1.451149183696322,43.537004325835575],[1.451116411933421,43.53702204436059],[1.450850769041581,43.53722054275421],[1.450773086918915,43.5372852100736],[1.45072020472267,43.537342512927935],[1.450701841135175,43.53735371776582],[1.450587840146162,43.53741149682192],[1.450567965424351,43.53743593310847],[1.450590834268686,43.53747301538449],[1.450591863289223,43.53749099827383],[1.450585073747242,43.53750986652654],[1.450574446518938,43.53752586548412],[1.450343845065549,43.53764043408179],[1.450271545492322,43.537691903555725],[1.450253099556911,43.53770878782446],[1.450207487911173,43.53771505357169],[1.450185272290762,43.537721507297285],[1.450147291922628,43.53774012791502],[1.450127733327108,43.537742818219755],[1.450050054086887,43.537719494216475],[1.449949853937076,43.53772344263156],[1.449925099993728,43.53772702643001],[1.449919879451302,43.53772793762374],[1.449919867852504,43.53772888273539],[1.449860864708616,43.537760589816024],[1.449846491612451,43.53776521321641],[1.449761917218251,43.53776832695311],[1.449725446435138,43.53777182541857],[1.449683744263488,43.537778125444824],[1.44967204005075,43.53777803131335],[1.449666890112734,43.537774208104246],[1.449659435714024,43.5377504943354],[1.449658206955169,43.53774576050257],[1.449653104428452,43.5377390931246],[1.449609097288978,43.537724548286924],[1.449605199859508,43.537724522962414],[1.449590897370853,43.53772441193964],[1.449580397489523,43.53773001457694],[1.449544521550252,43.53778176562086],[1.449533963859277,43.53779208481226],[1.449506482158003,43.53780416630766],[1.449439766090408,43.53783014301351],[1.449435844905687,43.53783105362921],[1.449417574552674,43.53783564264626],[1.449407146032969,43.537837456154165],[1.449399339017516,43.537837396325756],[1.44936018786576,43.5378465482912],[1.449358865733416,43.537848421070514],[1.449331277518706,43.537867135971446],[1.449312912756497,43.5378773953088],[1.44930634585013,43.53788113319836],[1.449299838737873,43.53788202708577],[1.449288098917987,43.53788382297229],[1.449281603413872,43.53788377174717],[1.449268599806652,43.53788367812911],[1.449246513707029,43.53788160800337],[1.449143350983141,43.537910119895464],[1.449132910831591,43.53791287849005],[1.449101554777658,43.53792304432499],[1.449098909277801,43.53792586259889],[1.449093665711251,43.5379286549787],[1.449088362869982,43.537935245637044],[1.449084136046708,43.53795697502726],[1.44907882181851,43.537964501797084],[1.449064413248825,43.5379710061571],[1.449063102488415,43.53797194282096],[1.449025144848113,43.53798867284512],[1.449018601895641,43.537991465772876],[1.449017255766219,43.53799428349349],[1.449015944776172,43.53799522915627],[1.449011941526543,43.538001810260134],[1.449002470863979,43.538026341022125],[1.448997133393444,43.53803575801092],[1.448987886100925,43.538045149487886],[1.448974753197203,43.5380535615074],[1.448944613383977,43.53806846097268],[1.448905262599565,43.53809180712119],[1.448881665493467,43.53810392264809],[1.448880354727402,43.53810485930985],[1.448848962931401,43.53811691513216],[1.448822803331973,43.53812711469074],[1.448813662280549,43.53812988170659],[1.448784927827228,43.53813816513338],[1.44877317609795,43.53814091507827],[1.448760125444121,43.53814364757149],[1.448758838662872,43.53814363928664],[1.448744512089919,43.538144473104225],[1.448739315482063,43.538144439299266],[1.448719792529205,43.53814523030913],[1.448713250002937,43.53814800522048],[1.44869755358823,43.53815356497087],[1.448696242818279,43.53815450163051],[1.448693632896097,43.538155429838326],[1.448684444609938,43.538161032011864],[1.448612131175769,43.53821345454862],[1.448596223855398,43.53823414473372],[1.448593213903583,43.538261553058405],[1.448591879139558,43.53826343466195],[1.448581344443721,43.538271863541915],[1.448576112966085,43.5382746650636],[1.448564408659962,43.53827457081988],[1.448530547436131,43.538277140702455],[1.448520131185499,43.53827895429622],[1.448504505422761,43.53827977963027],[1.448486199252796,43.53828625855565],[1.448482290395329,43.53828716930508],[1.44846001604888,43.53829835725359],[1.448441545437457,43.53831618617453],[1.448430986719123,43.538325559985694],[1.448429664319443,43.538327441753545],[1.448416496411744,43.538338689042625],[1.448407284599512,43.53834619041581],[1.448394163173697,43.53835365725714],[1.448382364894628,43.53836018760719],[1.448365322975392,43.53836951030237],[1.448346933677562,43.538380723428865],[1.448337745325751,43.53838632557438],[1.448320374256052,43.538418357266586],[1.44831236686514,43.538431546422466],[1.448305753570982,43.53843905569996],[1.448295277672397,43.53844370427457],[1.44827446760215,43.53844449591852],[1.448231524245808,43.538446043407255],[1.448218508895317,43.53844689478221],[1.448198985839098,43.53844768570393],[1.448175459184442,43.53845506669567],[1.448135019921585,43.53846326467502],[1.44810764325698,43.538467776111766],[1.44808032546864,43.53846850726343],[1.44807902630988,43.53846849880473],[1.448056987293205,43.53846359328453],[1.448043995192436,43.538462554417386],[1.448034842656052,43.538466257483],[1.44770493044481,43.53861221029065],[1.447105026190961,43.538810914378715],[1.446498633576538,43.539007664567585],[1.446481673473538,43.53901131648388],[1.446472555488575,43.539012193091835],[1.44645955187436,43.53901209015804],[1.446450457194348,43.539011076542465],[1.446445284048423,43.53900914341308],[1.446424591467985,43.539001410893086],[1.446418178366305,43.53899568000859],[1.446415615215321,43.5389928187217],[1.446407926252524,43.53898518913743],[1.446405362873658,43.53898233684976],[1.446393941447658,43.538963322835244],[1.446392677239347,43.5389604790249],[1.446390114808274,43.53895856301474],[1.446375988735856,43.53894614748618],[1.446373426305906,43.53894423147566],[1.446368241285316,43.538943252453116],[1.446320324184815,43.538928680767754],[1.446315151049978,43.53892674763246],[1.446311242119194,43.538927658308204],[1.446304722252035,43.53892856085952],[1.446303388118885,43.538931387713525],[1.446300754101338,43.53893326081147],[1.446298061321452,43.538938905186974],[1.446296078344055,43.53898525963994],[1.446291992206163,43.53899752014553],[1.44628128011938,43.53901826192024],[1.446245412286113,43.53906906680572],[1.446196540527696,43.53911977771526],[1.446192418676533,43.53913392827192],[1.446192407019825,43.53913487338274],[1.446194851942331,43.53914530422746],[1.44621116342217,43.53918517094962],[1.446203262270939,43.53919172651426],[1.446188924245952,43.53919445940204],[1.446139590300092,43.53918839399311],[1.446135680865489,43.5391883503861],[1.44612394095713,43.53919110922637],[1.44607772658394,43.53923804776879],[1.446071111986772,43.53924462063847],[1.446055333438111,43.53925679580296],[1.446043534734781,43.53926332591207],[1.445904770472643,43.539323728989935],[1.445890420261291,43.539326452674565],[1.445889133455528,43.53932644435774],[1.445882637091543,43.53932544766422],[1.445880038738199,43.53932543069737],[1.445864495471839,43.539320567177136],[1.445848952459058,43.53931666693097],[1.445843731948959,43.53931756894047],[1.44583588953227,43.53932035320278],[1.44575867090432,43.53935285733962],[1.445737801694491,43.539357419803],[1.445517022213094,43.5394228581645],[1.445355143481291,43.53946416109062],[1.445332974322792,43.53946776971413],[1.445279660535499,43.53946733996726],[1.445262688331973,43.53947194581403],[1.445173705381129,43.539508144253816],[1.445160642601672,43.53951182144955],[1.445056400170278,43.53952519091423],[1.445022502852402,43.539530604098275],[1.444881623143111,43.53955882036454],[1.444867296185521,43.539559653700735],[1.444760821439028,43.5395484068693],[1.444706833552611,43.539592449383356],[1.444623520278025,43.53959841218247],[1.444547741401261,43.53962147323239],[1.444324160381434,43.53970013235668],[1.443991646421964,43.53984509438343],[1.44396280414868,43.539860955320584],[1.443869968457627,43.5399813287213],[1.443621484310396,43.54024712002171],[1.443572940343324,43.540275120824845],[1.443542786863643,43.540291918255576],[1.443471978981954,43.54033014289473],[1.443192325240835,43.540506756967794],[1.443135961812776,43.54053564244631],[1.443090098629493,43.540557980579365],[1.443006180395981,43.54060462560399],[1.442906469460636,43.54066249985172],[1.442852739723579,43.54068952117054],[1.442775446197191,43.54072580340364],[1.442747949901009,43.54073883738795],[1.442724386574071,43.54074905259325],[1.442674684676197,43.54076758472995],[1.44256209955796,43.54081684066076],[1.442511026978506,43.54083913531225],[1.442479644663427,43.540851198558244],[1.442443029731103,43.54086414548516],[1.442406426925103,43.540877101566736],[1.44233321995752,43.540901123141445],[1.442188403059555,43.54093214586852],[1.441929577130579,43.54110608508097],[1.441925770094322,43.54118647151047],[1.441932985047731,43.541226270114],[1.441968380257743,43.54129466294344],[1.441968320767175,43.54129845221474],[1.441966962287913,43.541302223959114],[1.441963029465873,43.541305033705754],[1.441880478260835,43.54134507049338],[1.441799262864764,43.5413841619756],[1.441794030393121,43.54138600891102],[1.441792683626337,43.54138883554361],[1.441791372681168,43.54138977212382],[1.441780706424479,43.541407669302785],[1.441775450499361,43.54141140645661],[1.441770205653324,43.541413253224],[1.441766272169342,43.541415117687244],[1.441559161248036,43.54143618841852],[1.441542200405448,43.5414398306069],[1.4415409009549,43.54143983107411],[1.441536968104415,43.54144264080612],[1.441501604049402,43.54145844012548],[1.441487217721263,43.541464007589184],[1.441479398520271,43.541464892335],[1.441403877478556,43.54147091300436],[1.441398668450116,43.54147086970265],[1.441383089341062,43.54146885891045],[1.441368905046905,43.54146116832793],[1.441318638119414,43.54143049331744],[1.441317326936525,43.54143143889171],[1.441194321443019,43.54148060686651],[1.441179875771607,43.5414899545631],[1.441133738646398,43.54153122060004],[1.44112063975503,43.541537741664285],[1.441105060867668,43.54153572183516],[1.441041493228327,43.54152481679712],[1.441031075797161,43.541525675437356],[1.441023162050555,43.54153317575188],[1.440983532818056,43.54157450258429],[1.44082801693274,43.54171044796624],[1.44075967346214,43.541758174929456],[1.440756932221136,43.54176666333095],[1.440735112689906,43.54183460804108],[1.440773816945191,43.54202887457894],[1.440764532790763,43.54204109171317],[1.440681743239092,43.54209815726632],[1.440665748765934,43.54212357154393],[1.4406761604678,43.54220974952043],[1.440664277561665,43.542221958561335],[1.440595097077768,43.54223844427663],[1.440559744690241,43.54225424347036],[1.440521532451821,43.5422870548625],[1.440484761610859,43.5423104240278],[1.440445547527645,43.54232429850299],[1.440412994475345,43.54232593843658],[1.440367260276713,43.54234070610292],[1.440291143629037,43.5423855280122],[1.440168313739891,43.54242334507021],[1.440110933075755,43.54243329199311],[1.440031607845935,43.5424326615218],[1.439730376779786,43.54248515475948],[1.439566687515508,43.5425585913455],[1.439451090286506,43.542549169966534],[1.439306671111638,43.54255180946216],[1.439238931984694,43.542558834166],[1.439107149251566,43.542587121431424],[1.439049791796594,43.54259517760857],[1.438983529575727,43.542589924640545],[1.438929198974466,43.5425705728914],[1.438815649677314,43.5425100620621],[1.438608319833586,43.54254532162512],[1.438348630525599,43.54268990194907],[1.438166180787015,43.542887147056824],[1.438162558835432,43.5429542841265],[1.438287869207221,43.54327128432904],[1.438259597209643,43.5433354052576],[1.438251266338678,43.5433703395228],[1.438239125442168,43.543571769465295],[1.438216957176083,43.54366242242483],[1.438232541207727,43.54383663449743],[1.438238626443515,43.54403821187908],[1.438243157362312,43.5440827097436],[1.438312940489525,43.54419964234335],[1.438315254102764,43.54421952425334],[1.43831449231737,43.54426966715311],[1.438291726349542,43.54431300362909],[1.43823834842997,43.544316368897185],[1.438009950089781,43.544368483366476],[1.43775506746928,43.54453865863675],[1.437731537208344,43.54454603748543],[1.436766512146996,43.544713398058036]]]],"type":"MultiPolygon"},"properties":{"geo_point_2d":{"lon":1.4544148541513997,"lat":43.560905159736215},"quartier":13,"nom_quartier":"Rangueil / Sauzelong / Jules-Julien / Pech-David / Pouvourville","num_nom":"13 - Rangueil / Sauzelong / Jules-Julien / Pech-David / Pouvourville","maire_de_quartier":"Claire Nison"}},{"type":"Feature","geometry":{"coordinates":[[[[1.496308171616478,43.58542880950291],[1.496308171616478,43.58542880950291],[1.497746823225252,43.58224159147704],[1.498015362531832,43.581471360374785],[1.499538597096377,43.581258917421366],[1.503485370590728,43.580449461670824],[1.503842302592921,43.58033192255386],[1.504669338850732,43.57982049445386],[1.505563892419396,43.579319944353706],[1.506771967465782,43.578638154073026],[1.507082342852081,43.5784985059029],[1.507754962234694,43.57823284931194],[1.508444036656708,43.57799946749521],[1.50879351726581,43.5778544410857],[1.509054270353225,43.57772577823541],[1.509352040861039,43.57755575865976],[1.509621207092623,43.57738364992632],[1.510697742671071,43.57661001831177],[1.510866297946735,43.576561102734935],[1.511017436525176,43.57654800770475],[1.512437576756167,43.57680624776666],[1.512961459900033,43.57684791133557],[1.513038252416274,43.57675197184848],[1.512984096903683,43.57671562576285],[1.513069501446939,43.57656297455213],[1.51313935658231,43.576308973291496],[1.513170779200847,43.57601212156777],[1.513505500560095,43.575142232561824],[1.513686338580328,43.57467333326987],[1.513639424788405,43.57411004942477],[1.513561881660795,43.57388241865388],[1.513592143081387,43.57357514499378],[1.513635971406144,43.57313267805963],[1.513627013188597,43.57293299052746],[1.513613815039385,43.57266230119206],[1.513432667478157,43.572398912376876],[1.513302569687927,43.572207802594],[1.513334544695867,43.57215314687937],[1.513382317574332,43.572086325252755],[1.513566205692015,43.57196183964602],[1.513700182383347,43.5718719737356],[1.513768402238057,43.571736232189465],[1.513726026521941,43.57160063428433],[1.513640031438852,43.571420246792044],[1.513455456164674,43.571027207355876],[1.514384973998171,43.570712289630336],[1.514724873938786,43.57059743323809],[1.515321076246747,43.570202503921536],[1.515323937520066,43.57018360881522],[1.515335634461995,43.57009002698612],[1.515247346401998,43.56969674229366],[1.515167384628071,43.56936028811138],[1.515089333889262,43.56935878079656],[1.515060035404261,43.56931314953626],[1.514321267361977,43.56843830285851],[1.514417417839352,43.568448460635096],[1.514404948381728,43.56812480167399],[1.514784774118815,43.568134186585866],[1.514540223303781,43.56727711747313],[1.514397401955573,43.566781260011375],[1.514389276314568,43.56671118039291],[1.514323251358745,43.56649687699818],[1.514266176001327,43.56629588606648],[1.51425883272924,43.56626083556337],[1.514226652219989,43.566141383822234],[1.514163394390701,43.565916691164404],[1.514096354729541,43.56568157011105],[1.513980730589725,43.565290929819],[1.513880454390974,43.56491931967932],[1.513887980509332,43.5648455793212],[1.513887991123614,43.56484463421221],[1.513298402573103,43.56391314656779],[1.51288306546807,43.563461662267436],[1.512549347920248,43.56313093154426],[1.511975493403278,43.56257042750684],[1.511317273728526,43.561996058806166],[1.510755024972465,43.561538765735285],[1.509805466128432,43.560772095023076],[1.509638143802565,43.56064030231334],[1.509618018062692,43.56059096177562],[1.509875423430385,43.56041780942587],[1.509859041470885,43.56037890594763],[1.509480056917735,43.560124461765064],[1.509063701569387,43.55984420126702],[1.508926740010148,43.55968236231828],[1.508661729282192,43.55937197841086],[1.507405398644949,43.55840246302768],[1.506289406695581,43.557541822357166],[1.505370065724835,43.5568557595968],[1.50441763831696,43.556117397940916],[1.504097065985112,43.55587661885778],[1.503309264295629,43.55546304306444],[1.503424122393152,43.55534278308248],[1.50319681471582,43.55522378776158],[1.503208732359413,43.55520873717112],[1.502692425837238,43.55491826272506],[1.502246936897936,43.554679387710564],[1.501657973341722,43.554376065083844],[1.500628560320669,43.55384714778387],[1.499865791580292,43.553692961628215],[1.499209426961089,43.55355943621147],[1.498561882528893,43.553538551721566],[1.498596983764248,43.553447993733066],[1.495963852199406,43.553552398227865],[1.494603726417581,43.55360377168693],[1.494445774526555,43.553642331692366],[1.492024044221736,43.55332887225634],[1.491751539588582,43.55300420675804],[1.491463978611189,43.55319317491919],[1.491095943681284,43.55346196876789],[1.491000930856958,43.553373268942906],[1.490816270392151,43.55336904665295],[1.489383802812789,43.553286906707456],[1.489175989654828,43.55308523492497],[1.488584721053366,43.553409112142134],[1.488001240797386,43.552916406451416],[1.486946170310762,43.55343013142144],[1.486837039845641,43.55340092022378],[1.486404842890653,43.55283476588063],[1.485808954101545,43.55284163801293],[1.48448145285851,43.553710641597725],[1.484328415224803,43.553774855247255],[1.484114810515279,43.55374782636283],[1.483681162586316,43.55382852128093],[1.483318322385082,43.55398922179053],[1.481005842667258,43.554682294322184],[1.480695428899534,43.55555605664652],[1.479984577783853,43.556593299431476],[1.479291257998539,43.55740667117202],[1.47805290988395,43.558250002542216],[1.47589183324232,43.55997328078761],[1.473646085923752,43.56175580667017],[1.472081161658479,43.56288282784342],[1.471561003853795,43.56375182839319],[1.471373006160595,43.56462523144217],[1.471474871297559,43.56719382554855],[1.471146418170399,43.56869962462591],[1.471146418170399,43.56869962462591],[1.470584672286263,43.56956806948059],[1.470062935747525,43.57049745654092],[1.470071183329049,43.571826491488906],[1.469872536951133,43.57312258286169],[1.4694798842957,43.57387244894415],[1.469007131022397,43.57453449615354],[1.46864130693901,43.57481362852717],[1.467756320042755,43.57526666195964],[1.467209889960318,43.57552547980502],[1.466649637349744,43.575840970789464],[1.466348309751692,43.57615749267011],[1.466108556428866,43.576624928147005],[1.466027954024731,43.57688733110281],[1.46593524582215,43.57789139728453],[1.465880249226508,43.57818238051107],[1.465704043863773,43.57875342995571],[1.46530517700634,43.579511049093924],[1.465042520911579,43.57976258876857],[1.46454534849871,43.58021006345431],[1.463955449794283,43.580768455115624],[1.463129626218927,43.58161738188803],[1.462931205461385,43.581925234836376],[1.462175755161737,43.583299794692074],[1.461682275936801,43.58429131105953],[1.461159515878704,43.585592918185895],[1.460556105506991,43.58715597544006],[1.460472097177137,43.587559323796604],[1.460451441277685,43.587813671632475],[1.460214867530495,43.58938997598694],[1.460082853767358,43.59013733964891],[1.459968847586461,43.59063222870355],[1.459796130388783,43.591048122642654],[1.459687259910416,43.59119298700933],[1.459543141838605,43.59134609573548],[1.459614015062724,43.591571820309845],[1.459687350528418,43.59180797535566],[1.459717543093555,43.59205704087226],[1.459981472118612,43.59196179327325],[1.460340477175083,43.5918300558683],[1.461332830006481,43.59188882396097],[1.461409770069097,43.59187900945928],[1.462786900031673,43.591261426883946],[1.463696459424646,43.591009617650236],[1.464327754374409,43.59075104327935],[1.464789043221378,43.590627826203736],[1.465152148408163,43.5905426256438],[1.465803457897782,43.59033192255999],[1.466026533101445,43.59065625862856],[1.466756148039681,43.591682737746645],[1.466857700638937,43.59168068209672],[1.467623503851847,43.5914746383955],[1.467992985430504,43.591398938922026],[1.468217334303663,43.591367541771035],[1.468378886304893,43.59135743072114],[1.468503810723978,43.59136028357029],[1.468628423768463,43.59138394557231],[1.468720126587856,43.59143384532371],[1.468810034295279,43.59151779507629],[1.469082517182818,43.59130795040525],[1.469223597479273,43.591184137496604],[1.469387196114105,43.59103307549312],[1.469833018693185,43.59054071761581],[1.470408391377846,43.590000154782075],[1.471894150767559,43.58888184215078],[1.472407893558062,43.58854988506157],[1.472774555536286,43.58830668968319],[1.473067409111334,43.58803738340852],[1.473393248577977,43.587738057227234],[1.474277213807598,43.586914106714566],[1.474810916493861,43.58636941614126],[1.475172494254184,43.58602588703783],[1.475409963489676,43.58580534797032],[1.476420386138543,43.5864100472205],[1.476611703965484,43.58650137756526],[1.475956291800759,43.58727410287493],[1.477087579720101,43.58798472657497],[1.47743191181843,43.587845424430554],[1.477527368958246,43.58790575539116],[1.4777113103503,43.58851077680933],[1.478009682384481,43.58912422765705],[1.478091227830064,43.589246896056046],[1.478224179656972,43.58932454549848],[1.478377228842895,43.589362606089296],[1.478544135027164,43.58934210871167],[1.478682992044911,43.589280713371096],[1.47880062316111,43.58924754884375],[1.478903870146189,43.58921805687051],[1.479520331548296,43.58907229245005],[1.479852280353507,43.58898019046124],[1.481068264812301,43.588689469984295],[1.481406222427182,43.588631462344026],[1.482188135528716,43.588566412141695],[1.482948947533616,43.588520110580426],[1.483752397935305,43.58840506359532],[1.484738993688956,43.5882251652623],[1.485142377032842,43.58814210493393],[1.485581883452051,43.587990243748855],[1.487071438234492,43.587498089605916],[1.488122071416111,43.58711427931983],[1.488875118424891,43.58678878362108],[1.490153621111762,43.58602915313561],[1.490927178151667,43.58572365431234],[1.491225157598633,43.585913217981926],[1.491817535874753,43.585257246051555],[1.491999837572767,43.58488299527292],[1.492385586475373,43.58429549606603],[1.492562371435667,43.58431099977592],[1.492803596367156,43.58428063970009],[1.494689596686784,43.58492289910973],[1.496308171616478,43.58542880950291],[1.496308171616478,43.58542880950291]]]],"type":"MultiPolygon"},"properties":{"geo_point_2d":{"lon":1.48819418328702,"lat":43.571807223542244},"quartier":12,"nom_quartier":"Pont des Demoiselles / Ormeau/ Montaudran / La Terrasse / Malepère","num_nom":"12 - Pont des Demoiselles / Ormeau/ Montaudran / La Terrasse / Malepère","maire_de_quartier":"Magali Dat"}},{"type":"Feature","geometry":{"coordinates":[[[[1.456873717100518,43.60516139767561],[1.45731972710726,43.60525698684954],[1.458573718872215,43.605522755223],[1.460125007230152,43.60581025908374],[1.46038513707628,43.60584930113235],[1.462504170518493,43.606274776477115],[1.463301640496137,43.606362467105924],[1.467033064737111,43.60724510076618],[1.467070682005231,43.607128497764414],[1.467719642686059,43.60711930406686],[1.469120702053468,43.60721791506347],[1.470270960915277,43.60723018036996],[1.471009736095522,43.60721920392407],[1.472031939210663,43.60696885369028],[1.473149862795602,43.60664268128666],[1.473373224677524,43.60652111169126],[1.473643065772452,43.60584574970581],[1.474421627310275,43.604332390340076],[1.476272707407387,43.604806298549015],[1.476932737111241,43.60497896445446],[1.477411832953998,43.60503013430619],[1.478276206395295,43.60506252762725],[1.479527262864246,43.60522063179437],[1.480459932721625,43.60559110519489],[1.481560624284299,43.60598113442983],[1.483316614472071,43.60667034559399],[1.485239715816505,43.607367201619034],[1.485778917256354,43.60753144514189],[1.485811950824006,43.60754024093054],[1.485812251883927,43.607466678435316],[1.48582502025537,43.60556411911106],[1.485823082970947,43.6054259720168],[1.485825036397073,43.60528879411012],[1.485826910649273,43.60515730459048],[1.485831441778526,43.6050210876688],[1.485833793351041,43.604948263145474],[1.485842488817413,43.60488588332425],[1.485853662257972,43.60483297933528],[1.485872537635873,43.60478771112445],[1.485889975766672,43.60475094022737],[1.48592086159005,43.6046849440694],[1.485955582516522,43.60462465155672],[1.48601018333024,43.604538017714525],[1.486035426938872,43.604503203491994],[1.486097606571509,43.60443365614399],[1.486207354185851,43.60431526425805],[1.486348621847915,43.60417819120636],[1.486429212604384,43.60409553440388],[1.486463559486483,43.60406078527078],[1.486514949484052,43.60401766211206],[1.486699598468401,43.60385062993947],[1.486814377118853,43.60374458243722],[1.487165259120602,43.603423635198496],[1.487393524864517,43.60321152226527],[1.488193217517434,43.60245683636098],[1.488427898393808,43.602249504492995],[1.488545261057178,43.6021444163146],[1.488608454488393,43.602094748888945],[1.48867428325697,43.60204320740499],[1.488719010967308,43.60201136603425],[1.488765026540209,43.601979541484106],[1.48885445651326,43.6019158763282],[1.489368693149644,43.60145897215323],[1.490150554808832,43.60076467910611],[1.490524880273674,43.60044105725756],[1.490864074601644,43.600115292107944],[1.491109076316034,43.59982193787971],[1.49133362529697,43.59950097627806],[1.491370938631475,43.599440706970114],[1.491397734500099,43.599386980063215],[1.4917095862067,43.59869295968509],[1.491988253840257,43.59721436215053],[1.492274520753616,43.59575000505737],[1.492364280776736,43.595292761726974],[1.492441563757952,43.59479850917154],[1.492483322064772,43.594515931992404],[1.492635374073591,43.593887899200965],[1.492650485870427,43.593832183088125],[1.492723619038724,43.593630270339055],[1.492911103580149,43.59298262404087],[1.49408043302139,43.59120250367763],[1.494339280770485,43.59029236851953],[1.494502001772468,43.58973725528632],[1.4948014647058,43.58890027843056],[1.495135345734858,43.58811370262236],[1.495926985968939,43.586337087692854],[1.496308171616478,43.58542880950291],[1.496308171616478,43.58542880950291],[1.496308171616478,43.58542880950291],[1.494689596686784,43.58492289910973],[1.492803596367156,43.58428063970009],[1.492562371435667,43.58431099977592],[1.492385586475373,43.58429549606603],[1.491999837572767,43.58488299527292],[1.491817535874753,43.585257246051555],[1.491225157598633,43.585913217981926],[1.490927178151667,43.58572365431234],[1.490153621111762,43.58602915313561],[1.488875118424891,43.58678878362108],[1.488122071416111,43.58711427931983],[1.487071438234492,43.587498089605916],[1.485581883452051,43.587990243748855],[1.485142377032842,43.58814210493393],[1.484738993688956,43.5882251652623],[1.483752397935305,43.58840506359532],[1.482948947533616,43.588520110580426],[1.482188135528716,43.588566412141695],[1.481406222427182,43.588631462344026],[1.481068264812301,43.588689469984295],[1.479852280353507,43.58898019046124],[1.479520331548296,43.58907229245005],[1.478903870146189,43.58921805687051],[1.47880062316111,43.58924754884375],[1.478682992044911,43.589280713371096],[1.478544135027164,43.58934210871167],[1.478377228842895,43.589362606089296],[1.478224179656972,43.58932454549848],[1.478091227830064,43.589246896056046],[1.478009682384481,43.58912422765705],[1.4777113103503,43.58851077680933],[1.477527368958246,43.58790575539116],[1.47743191181843,43.587845424430554],[1.477087579720101,43.58798472657497],[1.475956291800759,43.58727410287493],[1.476611703965484,43.58650137756526],[1.476420386138543,43.5864100472205],[1.475409963489676,43.58580534797032],[1.475172494254184,43.58602588703783],[1.474810916493861,43.58636941614126],[1.474277213807598,43.586914106714566],[1.473393248577977,43.587738057227234],[1.473067409111334,43.58803738340852],[1.472774555536286,43.58830668968319],[1.472407893558062,43.58854988506157],[1.471894150767559,43.58888184215078],[1.470408391377846,43.590000154782075],[1.469833018693185,43.59054071761581],[1.469387196114105,43.59103307549312],[1.469223597479273,43.591184137496604],[1.469082517182818,43.59130795040525],[1.468810034295279,43.59151779507629],[1.468720126587856,43.59143384532371],[1.468628423768463,43.59138394557231],[1.468503810723978,43.59136028357029],[1.468378886304893,43.59135743072114],[1.468217334303663,43.591367541771035],[1.467992985430504,43.591398938922026],[1.467623503851847,43.5914746383955],[1.466857700638937,43.59168068209672],[1.466756148039681,43.591682737746645],[1.466026533101445,43.59065625862856],[1.465803457897782,43.59033192255999],[1.465152148408163,43.5905426256438],[1.464789043221378,43.590627826203736],[1.464327754374409,43.59075104327935],[1.463696459424646,43.591009617650236],[1.462786900031673,43.591261426883946],[1.461409770069097,43.59187900945928],[1.461332830006481,43.59188882396097],[1.460340477175083,43.5918300558683],[1.459981472118612,43.59196179327325],[1.459717543093555,43.59205704087226],[1.459687350528418,43.59180797535566],[1.459614015062724,43.591571820309845],[1.459543141838605,43.59134609573548],[1.459055134792556,43.59178036344081],[1.456709278515364,43.59417856414067],[1.456282034063213,43.594903759524],[1.456337818524347,43.59721463384776],[1.456332999492575,43.60081176101765],[1.456420713991653,43.601132236223336],[1.456751322575021,43.602021327938765],[1.456872225294314,43.602564396177925],[1.456929482053137,43.603627345090565],[1.456960467209876,43.60444125370553],[1.456953572723299,43.60490952546666],[1.456907853217835,43.60509745976771],[1.456873717100518,43.60516139767561]]]],"type":"MultiPolygon"},"properties":{"geo_point_2d":{"lon":1.4755137655623007,"lat":43.59692897459764},"quartier":11,"nom_quartier":"Bonhoure / Guilheméry / Château de l'Hers / Limayrac / Côte Pavée","num_nom":"11 - Bonhoure / Guilheméry / Château de l'Hers / Limayrac / Côte Pavée","maire_de_quartier":"Isabelle Ferrer"}},{"type":"Feature","geometry":{"coordinates":[[[[1.460430687462923,43.62717204242307],[1.467359419353833,43.630306328582506],[1.470591914073196,43.63177298507569],[1.471125068013908,43.63201453310726],[1.472652055338142,43.63271023503231],[1.473976098796979,43.63329935314523],[1.474265928153567,43.63343496923942],[1.477566136627109,43.634926533896255],[1.477868971293002,43.63506412130943],[1.478632548875781,43.63541146194502],[1.47841134122242,43.63666340132977],[1.478354332243329,43.63700451787791],[1.478285064502149,43.637383381225156],[1.478225546353066,43.637898575621094],[1.478177953605199,43.638308835484146],[1.478043553186718,43.6389596972523],[1.477963060897983,43.63948323934289],[1.477892796988028,43.64002104929644],[1.47784447225925,43.64048334062463],[1.477766165329702,43.64085457650752],[1.477613187872214,43.641255517881426],[1.477442511589564,43.641527648190326],[1.47721052992334,43.64171511603057],[1.476347568831197,43.64211162158528],[1.476070385731302,43.64227130521551],[1.476103171373702,43.642293702435154],[1.476399402986502,43.64249301471552],[1.476531268741304,43.64252787954153],[1.476627817089194,43.64255435718454],[1.47685554602271,43.64257216473827],[1.477043616858913,43.64272118726106],[1.477051472524072,43.64290007353054],[1.477123907936914,43.642935622510755],[1.477319205618751,43.64294467514672],[1.477459271965777,43.64298926114455],[1.47757890132447,43.642914479466654],[1.477632180468889,43.642923390672934],[1.477741677137309,43.64310114795781],[1.478183466934115,43.64327290694804],[1.478464706993651,43.6432845016442],[1.478639694384066,43.64325554784398],[1.478853023306418,43.643369746106586],[1.479305492288322,43.6435245550852],[1.479626215054196,43.643599834085464],[1.479859136822933,43.64371039903619],[1.480271911686604,43.64399831035422],[1.480387669632868,43.64410325682271],[1.480586766657521,43.64420977501584],[1.480806786285927,43.64422184707696],[1.480868160289758,43.64421190456509],[1.480961577044324,43.64414827092858],[1.48111856115651,43.64410308913527],[1.481158332303394,43.64405514381554],[1.481308163383792,43.64398058386719],[1.481358057752163,43.64392086155319],[1.481346849727456,43.643794459317064],[1.48143590049828,43.6435675500777],[1.481527777486888,43.643457147630315],[1.481624565058242,43.64339646540871],[1.481677496571241,43.64337406070962],[1.48210481576683,43.64319279350754],[1.482237646355613,43.64310486614808],[1.482386883484858,43.64298626753464],[1.482499550506666,43.64297983281534],[1.482645385061699,43.64301344252465],[1.482735293420209,43.643107659080115],[1.482758691735574,43.64329328414804],[1.482696794582495,43.64343096121369],[1.482504978266173,43.64354398742568],[1.482451727888084,43.64362306581453],[1.482462779705339,43.643760322457545],[1.482554062168606,43.64384617614943],[1.48272935316179,43.64388722981846],[1.482891176534123,43.64395940702895],[1.482987101779662,43.64399418909074],[1.483069841515254,43.64403927664768],[1.483215990865266,43.64411418253499],[1.483383973177167,43.64412017504141],[1.483693959165304,43.644254679977266],[1.483719912164151,43.64431572160832],[1.483682946473021,43.64437006906819],[1.48349833827104,43.6444783302366],[1.483386951237073,43.64451145608034],[1.483163216088835,43.64445930771112],[1.483090443075921,43.644502427874656],[1.483055376203728,43.64459454601054],[1.48307978554343,43.644710165513516],[1.483184773678649,43.64483867947218],[1.483222503466274,43.64502533842777],[1.483295547070355,43.64511045717792],[1.483647866269405,43.64525467235844],[1.483820106720178,43.64532787593789],[1.483952101698933,43.645482147145],[1.483902904390979,43.64555178201067],[1.483614159689315,43.645516489716464],[1.483380847720937,43.64561502907202],[1.483198576942648,43.64569691715145],[1.482969287602548,43.64596861949603],[1.482997510356335,43.64613329658315],[1.483052330294405,43.64626632886088],[1.483155061244078,43.646302262204884],[1.483572987779211,43.646393243932394],[1.483830087285022,43.64641059434285],[1.483926764605383,43.64652552236708],[1.48396740685701,43.6466913971622],[1.484042000950136,43.646759143553304],[1.484140521802421,43.64679394056762],[1.484450108341588,43.64682937848123],[1.484522179777534,43.646800597678514],[1.484637371840455,43.646671836937834],[1.48471992253563,43.646638395156806],[1.484891035302502,43.64662594501212],[1.484989716210947,43.6467236862811],[1.485100700910585,43.646980926249135],[1.48515593348618,43.64703715667418],[1.485388023353988,43.647088285119665],[1.485488020462384,43.6471380708302],[1.485602996778138,43.64730156035449],[1.485678745070507,43.64737884499974],[1.485739928924698,43.647382148522354],[1.485947437795683,43.64732737712454],[1.486136188587097,43.64730212089782],[1.486226492117276,43.64725050519725],[1.486409289759202,43.64709594513059],[1.486519504117509,43.64707672731198],[1.486851631989328,43.64706914446169],[1.486953154460087,43.64700050790379],[1.487078561706404,43.64677658193155],[1.487167224519397,43.64654063454913],[1.487226024065778,43.646488588057004],[1.487316250186642,43.64647549960027],[1.48747508867127,43.6465805519036],[1.487583237258256,43.646782092158794],[1.487678504157206,43.646843210807226],[1.487929320430061,43.6467050662767],[1.488043485390266,43.646739974410075],[1.488162140365097,43.64691684155965],[1.488312991153774,43.64702866588668],[1.488516269723888,43.6470263980209],[1.488915397635732,43.64708805578145],[1.489007492006835,43.647031096071146],[1.489000005911805,43.646908920537975],[1.488926255103139,43.64682742419532],[1.48896285130905,43.646773349390735],[1.489137511952906,43.64671973661125],[1.489262973597764,43.646741530954834],[1.489477648237701,43.64685572663189],[1.489669098730814,43.64685999987205],[1.489896016645327,43.646937382905406],[1.490045149925555,43.6470526123165],[1.490105822351282,43.64720277639942],[1.490066239549529,43.6473369674112],[1.490081696117212,43.64753388340874],[1.49016091989109,43.64764328493661],[1.490167121351295,43.64775685554498],[1.490379143241527,43.64778209192758],[1.490474989211265,43.64782349211814],[1.490622009121232,43.647836888222834],[1.490737563713914,43.64791448178503],[1.490935105608325,43.647901674330676],[1.491338887393461,43.647725872578114],[1.491516003864203,43.64764015070425],[1.49183213934394,43.647672773464386],[1.491970824218133,43.647632181547934],[1.492094271091609,43.64749187248685],[1.492137753424374,43.64738781673641],[1.492125692060536,43.64711246492203],[1.492372486182691,43.64695561508302],[1.492546570719028,43.64681334587271],[1.492834764200708,43.64679562208848],[1.492935194369113,43.646695134663766],[1.492914848232048,43.646475488076646],[1.492963903275407,43.64644182912401],[1.493190036759086,43.6464567207869],[1.493424401473978,43.64637425333037],[1.493799981233763,43.6463387968345],[1.493939185826104,43.6463648429993],[1.494225395745075,43.646487126805766],[1.49428251882069,43.64657004164209],[1.494316915903389,43.64675401540266],[1.494381084076721,43.64685336970965],[1.494509035752575,43.646958694312374],[1.494595773751179,43.646975387785325],[1.494620449420632,43.64696962348182],[1.494700368370951,43.64689843956742],[1.494817954323089,43.64671600254103],[1.494888426816142,43.646688508847376],[1.49519501340474,43.646717613433125],[1.495313171961182,43.64670034505722],[1.495420831299313,43.646623733132444],[1.495515331502951,43.646482521868606],[1.495597914140392,43.64646612281417],[1.495910194148943,43.6465161754504],[1.496092426344756,43.6466946890302],[1.496288491091201,43.646506744301796],[1.496481190018324,43.646452787874765],[1.496649212757363,43.64645592587491],[1.496971364146836,43.64652548546066],[1.49713960982847,43.646512538879264],[1.497205669357657,43.64644774474366],[1.497275279839917,43.646315795978175],[1.497360861543395,43.646252101559206],[1.497474386148616,43.646239703951295],[1.497736962409071,43.64637504913805],[1.49789725431107,43.64637244961093],[1.498308103743128,43.6462487117593],[1.498539935832485,43.64625420572549],[1.498719104988077,43.646299057118334],[1.499036195766888,43.64626449895538],[1.499239081606571,43.64619693294311],[1.499373220502593,43.646108985213225],[1.498836709635155,43.64488168947848],[1.498467664266894,43.644163689395576],[1.498329148586693,43.644006559808865],[1.498283730043988,43.64399391633964],[1.498245399756538,43.64384793556857],[1.498159662332306,43.64383152782227],[1.498170029901674,43.64380567333129],[1.498192572747558,43.643805912003984],[1.498205855608442,43.64380161941219],[1.49821704221162,43.6437963723851],[1.498229950004274,43.64378364894331],[1.498254556723561,43.64378716416222],[1.498268829025412,43.6437572824001],[1.498282955811928,43.64371568699792],[1.498260337902798,43.64371044219298],[1.4984783941677,43.64349108282626],[1.497194062932759,43.641805041878044],[1.497306712358456,43.641761413793624],[1.497145931535095,43.64155138487639],[1.496717031108806,43.641171386056534],[1.495594573846938,43.64010388536057],[1.49517862880651,43.640298456877964],[1.495154595302114,43.64030242020565],[1.495132980303321,43.640304317498334],[1.495079174893617,43.64030115986148],[1.494935380178979,43.640301935470625],[1.493913625276195,43.63940591324237],[1.493858671235114,43.63932982276713],[1.493578456196581,43.638594191666144],[1.493070174396498,43.63778650589598],[1.492503588416149,43.63685792389916],[1.491752715708014,43.63560628782582],[1.491107197676301,43.63455222250835],[1.490691447674793,43.63383100889703],[1.49037514373977,43.63353912645587],[1.490162673530384,43.633273570692914],[1.489923541043641,43.63295862256183],[1.489568351067807,43.63274591713506],[1.489086890042209,43.63215951033056],[1.488694999681208,43.63177908024236],[1.48759065261101,43.63102999370211],[1.486855528856416,43.63051452710516],[1.485189333616608,43.629800932210586],[1.484271819283208,43.62956318028108],[1.483377564908204,43.629432500976364],[1.482488697818448,43.62928767093478],[1.481782406955412,43.6291281269355],[1.481593391420745,43.62904817240199],[1.480498806173925,43.62853656775295],[1.480396468558538,43.62849605445054],[1.480156359122845,43.62843652723379],[1.479839495500795,43.62837168751179],[1.480769074817943,43.62539935832282],[1.481443809564651,43.62321134882443],[1.481467887798557,43.62289362582009],[1.481625404300156,43.62262612300428],[1.481943358495992,43.621612381150015],[1.482554389531477,43.619683105957044],[1.483226959559869,43.61754615140157],[1.484279586730866,43.61423224455113],[1.485386504104049,43.61075598823869],[1.485629370124381,43.60997726167026],[1.485693055636272,43.60971093615756],[1.485743619511442,43.6094511363912],[1.485771639323606,43.609038831232],[1.485809552201372,43.60811286097475],[1.485811943456759,43.6075405379085],[1.485811950824006,43.60754024093054],[1.485778917256354,43.60753144514189],[1.485239715816505,43.607367201619034],[1.483316614472071,43.60667034559399],[1.481560624284299,43.60598113442983],[1.480459932721625,43.60559110519489],[1.479527262864246,43.60522063179437],[1.478276206395295,43.60506252762725],[1.477411832953998,43.60503013430619],[1.476932737111241,43.60497896445446],[1.476272707407387,43.604806298549015],[1.474421627310275,43.604332390340076],[1.473643065772452,43.60584574970581],[1.473373224677524,43.60652111169126],[1.473149862795602,43.60664268128666],[1.472031939210663,43.60696885369028],[1.471009736095522,43.60721920392407],[1.470270960915277,43.60723018036996],[1.469120702053468,43.60721791506347],[1.467719642686059,43.60711930406686],[1.467070682005231,43.607128497764414],[1.467033064737111,43.60724510076618],[1.466886278547645,43.6075663094718],[1.467914304141615,43.608060228933],[1.468377557361512,43.608297618351905],[1.46863965145227,43.60809652258865],[1.469805166602733,43.60869088406966],[1.468648471888811,43.60968166277729],[1.46940481830793,43.610143584683954],[1.468860743200244,43.61060800039359],[1.467494190671823,43.612058074884324],[1.467432966475539,43.61209827765991],[1.467076716612747,43.611974625411534],[1.466525032900601,43.611841538170665],[1.465505312675239,43.61109254823427],[1.465498029766195,43.61109048906755],[1.464996815300473,43.611529052137904],[1.464440722382551,43.611934484941365],[1.463369105209361,43.61290375489559],[1.46316261638814,43.613139795723605],[1.462973631419872,43.61356630510382],[1.462891801674523,43.61371901214131],[1.462830784373589,43.61375425501225],[1.461997544401687,43.61378417873925],[1.461976467830441,43.61334663046169],[1.461839709070632,43.61324767638258],[1.46081982597493,43.61326648399495],[1.460436606444314,43.613606105962035],[1.461517577913367,43.614330514834336],[1.4616708407359,43.61442020042679],[1.462041962466626,43.6145330482217],[1.46275374421673,43.6145289300953],[1.463174786161112,43.614545465429465],[1.463617123294509,43.61461285700809],[1.463895428083374,43.614699321958014],[1.464241369949208,43.61484646880344],[1.465007402723659,43.615517156498925],[1.465129366587146,43.616241243825144],[1.465252711447697,43.6166489014715],[1.465432689612494,43.61703712751374],[1.465733538540049,43.617356559506085],[1.46611452447489,43.617695166360704],[1.466684016660043,43.61809505666219],[1.468134601521989,43.61908239606445],[1.468909791195118,43.61960230822054],[1.469008248222791,43.61969042063676],[1.468819729905114,43.61994952064622],[1.469089617206391,43.62027200799313],[1.469412317886534,43.62068549528255],[1.46920909195683,43.62076072835531],[1.469126416349392,43.62090590225126],[1.469080393330185,43.62131539915101],[1.469000061623781,43.62159183867607],[1.468788225348639,43.622010077499255],[1.468352933749512,43.622484131827896],[1.468001139947825,43.62278021825483],[1.466571112860276,43.62389861501842],[1.465763025104004,43.62452903550297],[1.465282921857299,43.624912263377745],[1.465190148338046,43.62500946251764],[1.463804218150638,43.62564312711079],[1.46265745948172,43.62619383083566],[1.461289984328373,43.62684001714235],[1.460768378600399,43.62707640590906],[1.460475951537639,43.627153668319906],[1.460430687462923,43.62717204242307]]]],"type":"MultiPolygon"},"properties":{"geo_point_2d":{"lon":1.4789527388596317,"lat":43.6261360749401},"quartier":10,"nom_quartier":"Jolimont / Soupetard / Roseraie / Gloire / Gramont / Amouroux","num_nom":"10 - Jolimont / Soupetard / Roseraie / Gloire / Gramont / Amouroux","maire_de_quartier":"Sonia Guillemet"}},{"type":"Feature","geometry":{"coordinates":[[[[1.439043665561799,43.634878602867175],[1.439082919687368,43.634953671365835],[1.439060064677584,43.635087838625005],[1.439058526191764,43.635970552076316],[1.439046938512086,43.63665452193031],[1.439220524232765,43.63758688708168],[1.439219898411781,43.639361815446236],[1.439197309636595,43.64069188876678],[1.439123295119893,43.642236330849315],[1.43910981459655,43.64304706100828],[1.439186954826353,43.644415774500665],[1.439234648910416,43.64592333624894],[1.439190946033299,43.64640361816703],[1.43912685861678,43.64711365860108],[1.439063710661022,43.64776125414093],[1.442630527233148,43.647018358985086],[1.443669687960912,43.6468578098639],[1.443539892969437,43.647267311398394],[1.443235532841699,43.647722436384704],[1.443252881294896,43.64782813970898],[1.443252918473678,43.6478281402093],[1.443327052358472,43.64801132449578],[1.443455405843605,43.64849013250757],[1.443620914376893,43.648922862765914],[1.443874159439413,43.649414017929715],[1.444158646014498,43.64990729398975],[1.444300796682184,43.65016103318777],[1.444452425395313,43.65056527228883],[1.44459658916418,43.65094485275165],[1.444793326838258,43.65146961591647],[1.445160531503331,43.65253311920292],[1.445217862477913,43.652794701063286],[1.445414167119179,43.653872929045534],[1.445473678411569,43.654163860017476],[1.44610295146245,43.65364748669545],[1.446651633148847,43.653203332689095],[1.447185881599352,43.653028714756964],[1.447666521025881,43.6527789270215],[1.448124642859197,43.652537855446504],[1.44999082096838,43.65157190517691],[1.450339596852822,43.65195213063356],[1.450350056467542,43.651949372042054],[1.450607345554737,43.651821764504774],[1.450705764996141,43.65177522702289],[1.450861983212975,43.651696974589235],[1.451081218177568,43.65158704983041],[1.451738976976763,43.65125252066904],[1.451791404610497,43.65123212121336],[1.452147162770894,43.65105324634778],[1.452590887798163,43.650829635988735],[1.452881129219934,43.65067578178435],[1.453140225281121,43.65086513251976],[1.453428673547229,43.65118434433585],[1.453545453500963,43.65129515588225],[1.453825750161323,43.6515604876533],[1.45395362014903,43.651672086128215],[1.45400842891712,43.651719629886145],[1.454144351047034,43.65180460829319],[1.454459015468189,43.65200063982864],[1.454751087885007,43.65218658334572],[1.454877267860214,43.652266641567486],[1.455028904750223,43.65241068494585],[1.455304685372801,43.652795060219695],[1.455549097761259,43.65309783445236],[1.456014044745739,43.65373250857018],[1.456089782366898,43.65389771875096],[1.456263848759455,43.65428888086416],[1.456623228059716,43.65519048860316],[1.456630162676228,43.65525109360049],[1.456635274637879,43.65543467972333],[1.45663527258831,43.65543476071537],[1.456635267350523,43.65543496769506],[1.456625970384958,43.655608819304256],[1.456615506261549,43.655804782624784],[1.456634455880393,43.65584478892447],[1.456642018551897,43.65586049054217],[1.457330109190679,43.656388092495014],[1.458808311927589,43.65750841358442],[1.459204994608064,43.65782749374296],[1.459607987510465,43.65833773586755],[1.459607944187986,43.658337978348484],[1.459607980236797,43.65833802383914],[1.459602214671613,43.658375819075175],[1.459554670596409,43.6583961520515],[1.459443534164748,43.65844431909407],[1.459341189536319,43.65849981381733],[1.459299030026581,43.65852295504151],[1.459279107399279,43.65854835483895],[1.458997720443963,43.65916210004932],[1.458981167222599,43.65922441742424],[1.458979102660828,43.659276188222485],[1.459111324718367,43.65967833721932],[1.459113322803161,43.65971998070047],[1.459113310180395,43.6597199895345],[1.459113328149759,43.65972025983786],[1.45907891115556,43.659756899273496],[1.458732754271927,43.6599879105033],[1.458703393896345,43.66003591486704],[1.458713504467667,43.66023442058818],[1.45905103072217,43.66025817188922],[1.459846126438224,43.660313480993224],[1.459855055947483,43.66045235871022],[1.459858856444748,43.660511031176995],[1.459906125015205,43.66066467858349],[1.459949336896714,43.66082774220336],[1.460066264871857,43.660748270323126],[1.46034163119647,43.66056046863997],[1.460676639451546,43.66043746495234],[1.460821177470559,43.66038412373927],[1.462224758742706,43.66038171290615],[1.462965445349364,43.66034957789671],[1.463180448103622,43.66030854850766],[1.463680304961514,43.66021250854338],[1.464625911948203,43.65989148695705],[1.465143127182282,43.65964794623726],[1.465363367839042,43.65954396745444],[1.465714816619899,43.659125645688604],[1.465782673209322,43.658850837436724],[1.465936943550203,43.65854926833178],[1.466197097349954,43.65840366924211],[1.466402744180476,43.65833049836701],[1.466695659658517,43.65817286448277],[1.466880296121779,43.658021951036844],[1.467457913671852,43.65737355570708],[1.467622522405715,43.65680808888074],[1.467827894601097,43.65630632052936],[1.468053501188686,43.655936223797376],[1.46848069732621,43.65550334087962],[1.468662050460811,43.65530887384033],[1.468824302287485,43.655083051351234],[1.468883361652536,43.65478455709464],[1.468866320641092,43.654254853072935],[1.468866323126222,43.654254754082345],[1.468866327870563,43.65425456510033],[1.468902333253341,43.65348014677228],[1.468751217543957,43.65195394040356],[1.468642686669409,43.65188329534325],[1.468382036168035,43.65171429535764],[1.467885909277457,43.65155043136854],[1.467675286615945,43.65148115188941],[1.46732792640444,43.651085839166534],[1.46732796969108,43.65108559668201],[1.467327933414662,43.65108556019282],[1.467334032523734,43.6510490742717],[1.467419330031869,43.6505359025424],[1.46758936622623,43.64887533149762],[1.467595518113202,43.6488150175318],[1.467611960121428,43.648741858767345],[1.467797558374946,43.6479133011163],[1.468099139231578,43.64733148881194],[1.468154151659959,43.64722508262186],[1.469695154468027,43.647607752690746],[1.469766679307988,43.647921298688246],[1.470746497089664,43.64732057908646],[1.471317170244871,43.646960888102626],[1.472143046112938,43.64643953786708],[1.47152567284361,43.64612782019196],[1.471385231320135,43.64605603562753],[1.471312733583261,43.64602048227645],[1.47067514030278,43.64570815060173],[1.470675465668337,43.64570802887312],[1.470675392441023,43.6457079828942],[1.471434978971862,43.645420366469025],[1.471434961403133,43.64542007816776],[1.471415202459139,43.64451374958333],[1.471409528119592,43.644430512621504],[1.471380962379245,43.64429217697971],[1.471381162234398,43.64429211660567],[1.471380979067218,43.64429151104017],[1.471747427628867,43.644177749641294],[1.471904478400417,43.64412871021195],[1.473033327052475,43.64408811921861],[1.473154870775326,43.644104064083656],[1.473439057499719,43.64414069984688],[1.473679209231012,43.64410613192206],[1.473782428308014,43.644090983925054],[1.474066862259754,43.64397205510036],[1.474391724023437,43.643759757285075],[1.474668407360477,43.64354614809508],[1.475107036824205,43.64303383915748],[1.476070380533463,43.642271017077896],[1.476070612382295,43.642271164167084],[1.476347568831197,43.64211162158528],[1.47721052992334,43.64171511603057],[1.477442511589564,43.641527648190326],[1.477613187872214,43.641255517881426],[1.477766165329702,43.64085457650752],[1.47784447225925,43.64048334062463],[1.477892796988028,43.64002104929644],[1.477963060897983,43.63948323934289],[1.478043553186718,43.6389596972523],[1.478177953605199,43.638308835484146],[1.478225546353066,43.637898575621094],[1.478285064502149,43.637383381225156],[1.478354332243329,43.63700451787791],[1.47841134122242,43.63666340132977],[1.478632548875781,43.63541146194502],[1.477868971293002,43.63506412130943],[1.477566136627109,43.634926533896255],[1.474265928153567,43.63343496923942],[1.473976098796979,43.63329935314523],[1.472652055338142,43.63271023503231],[1.471125068013908,43.63201453310726],[1.470591914073196,43.63177298507569],[1.467359419353833,43.630306328582506],[1.460430687462923,43.62717204242307],[1.460430332048435,43.62717188465308],[1.459694048131693,43.62683930423499],[1.459001953357814,43.62651699427932],[1.458856851222265,43.626464773983194],[1.457529373668916,43.62586315252169],[1.456423337830471,43.62535028102146],[1.455652078042483,43.62501124767782],[1.455001073825781,43.62473179941129],[1.454467849162333,43.62450436132903],[1.45368328466903,43.624186030888126],[1.452539873875015,43.623826100950666],[1.451610150796282,43.62372518073211],[1.450791831678432,43.62375283969303],[1.449899404670315,43.6239473828327],[1.448970925946505,43.624200292441856],[1.44862299040015,43.62456371887885],[1.448216311397205,43.62484815321936],[1.448134936823523,43.62480304904313],[1.447972436859248,43.62495787674324],[1.448015622109834,43.62503106869843],[1.447285037459151,43.62581251562334],[1.44597262115909,43.626830650973254],[1.445868028626514,43.626857269398855],[1.445846148615525,43.62692710302807],[1.445760457332765,43.62699644810154],[1.445692365789791,43.62710755714974],[1.445545228107413,43.62710545332398],[1.445429056368102,43.62720955129074],[1.445183048245663,43.62711110783552],[1.443902009647632,43.62872648342087],[1.440932968978562,43.63258878739332],[1.439838035665918,43.63394160895052],[1.439043665561799,43.634878602867175]]]],"type":"MultiPolygon"},"properties":{"geo_point_2d":{"lon":1.4572568432414368,"lat":43.64069057273007},"quartier":9,"nom_quartier":"Trois Cocus / Borderouge / Croix-Daurade / Paleficat / Grand Selve","num_nom":"9 - Trois Cocus / Borderouge / Croix-Daurade / Paleficat / Grand Selve","maire_de_quartier":"Valérie Jacquet-Violleau"}},{"type":"Feature","geometry":{"coordinates":[[[[1.423811413577884,43.65220449760578],[1.424387421559426,43.65134721169639],[1.425384739946602,43.64986223407076],[1.427044740665233,43.64780828978591],[1.427290566978771,43.64749424926574],[1.428034694321341,43.64654273554535],[1.428413871209281,43.646112449325464],[1.432463336111263,43.641289296781224],[1.433400130222501,43.64033549823012],[1.43455667796473,43.639234905187465],[1.436467845585516,43.63741744643164],[1.438417301524861,43.63555769467247],[1.439043665561799,43.634878602867175],[1.439838035665918,43.63394160895052],[1.440932968978562,43.63258878739332],[1.443902009647632,43.62872648342087],[1.445183048245663,43.62711110783552],[1.444827019089225,43.626967334188734],[1.444933291191802,43.62682815685816],[1.44547867246123,43.625891988454306],[1.445293425792413,43.62556222924045],[1.445295424732976,43.625515876386785],[1.445527856453967,43.625301047065925],[1.445611687792918,43.62518155246932],[1.445662828537337,43.625071250829926],[1.445735545001219,43.62351449174612],[1.445741881443213,43.62335086140464],[1.445616632606751,43.62240564832823],[1.445769277100726,43.621252571633626],[1.446364831069516,43.61974061058735],[1.446379328133274,43.61964232929242],[1.446131681214043,43.618957275588116],[1.446127031029702,43.61883234223394],[1.446794695997615,43.61859727898426],[1.447082871710234,43.61813593815863],[1.447124271877243,43.61806624927581],[1.447112902996568,43.6179554673447],[1.448190954614671,43.617533438195416],[1.44896258991468,43.616347368916976],[1.449027113834735,43.61621162460861],[1.448987105230165,43.61601168694475],[1.44881620849852,43.61576907777888],[1.448274390905519,43.61507703786181],[1.448274367276996,43.615076992533155],[1.447983348309731,43.61520622134337],[1.44759579696486,43.6153469905868],[1.447145116997076,43.615441854130275],[1.446737454474912,43.61544621753049],[1.446330134344072,43.615427880275256],[1.445871395597471,43.61536372183773],[1.444370333089726,43.615162677977715],[1.443703186475422,43.615103493501344],[1.443087314755835,43.61509864045432],[1.442553721674251,43.6151634901813],[1.442113572598988,43.61525084210337],[1.441558037197858,43.615390263868555],[1.440813175542524,43.61565024560184],[1.44011919388074,43.61590304105],[1.43967823911078,43.6160433605769],[1.439070955916395,43.616159656367515],[1.438558662597992,43.616193447304056],[1.438163166380937,43.61616759803281],[1.43728704866412,43.616062252317576],[1.437266324729458,43.61605815521832],[1.436328839661435,43.61587297729305],[1.435611321360978,43.61569980658148],[1.435039269087196,43.6155514393712],[1.434457853992432,43.61533393062977],[1.43402180826637,43.61514880686898],[1.433607056258291,43.614932623784966],[1.433151329751906,43.61467163737581],[1.432716670548383,43.614394739482485],[1.432292313483664,43.61412548752307],[1.431712529289148,43.61380201109283],[1.431224881032523,43.61358618060356],[1.430602174598487,43.613345612716856],[1.429739293126387,43.613057713006135],[1.428763015864434,43.61277740301231],[1.427502924935758,43.61249386375926],[1.426202595928061,43.612202416901305],[1.425274817293515,43.61207385080331],[1.422649628141692,43.61165058291124],[1.419972059280072,43.611249549045375],[1.418627884956171,43.61101820981514],[1.417223832283154,43.61070311407778],[1.415642336100115,43.61032694580753],[1.415215872717813,43.61020143164063],[1.414373808900566,43.60992209094144],[1.413203241817121,43.60958329373868],[1.414834811502681,43.61042539896169],[1.415848823606982,43.61120758897862],[1.416428210804711,43.61171941707985],[1.417296165839767,43.61268774237501],[1.417658346292917,43.61318456275379],[1.417960867555364,43.613750909981],[1.41815748759286,43.61425963252934],[1.418295964857046,43.61482370692692],[1.418396782034899,43.6154660004991],[1.418767929728798,43.617838121407814],[1.418908193746972,43.618710639178786],[1.419115063931895,43.61872367655881],[1.4197292269115,43.62367975052671],[1.420129115139023,43.623591212548796],[1.420626899658205,43.62688683284511],[1.42150844610591,43.63387356095938],[1.421931092141149,43.633835352578735],[1.421865927943522,43.633921866676374],[1.421711942103154,43.63428015422573],[1.421684078095027,43.634483342851645],[1.422387050625056,43.6392792780864],[1.422266406748884,43.63924518823928],[1.4233336162203,43.64672538950263],[1.423227993005133,43.64673116960743],[1.423312693024193,43.6472418064173],[1.423522750789988,43.64833061029412],[1.423868060608481,43.65054449236229],[1.423881544374999,43.65128258026617],[1.423626434523216,43.65203080874881],[1.423811413577884,43.65220449760578]]]],"type":"MultiPolygon"},"properties":{"geo_point_2d":{"lon":1.4309224135694858,"lat":43.626866246558215},"quartier":8,"nom_quartier":"Minimes / Barrière de Paris / Ponts-Jumeaux / La Vache / Raisin / Fondeyre","num_nom":"8 - Minimes / Barrière de Paris / Ponts-Jumeaux / La Vache / Raisin / Fondeyre","maire_de_quartier":"Cécile Dufraisse"}},{"type":"Feature","geometry":{"coordinates":[[[[1.443252923516983,43.64782842834778],[1.443134060425686,43.64784829894024],[1.4428508469001,43.64840238067108],[1.44252850495314,43.65035075402574],[1.442501052232883,43.65070534112555],[1.44266860567957,43.6511759451641],[1.442688688780219,43.651749457322474],[1.442600282307669,43.652518899964264],[1.442367920184955,43.65315665565033],[1.442149625478367,43.65346336465872],[1.44185285859676,43.653876376494175],[1.441494953163824,43.654368377358274],[1.441208721119901,43.65477295035261],[1.441090456956802,43.655012336384246],[1.441015807100655,43.65529841920422],[1.441023370634436,43.65600997278001],[1.440935686024278,43.656730226094474],[1.440877343492068,43.657318254489084],[1.440770147350574,43.65812255882664],[1.44057873392252,43.65880698910941],[1.440325074643749,43.65973124396754],[1.439926041288624,43.66217761393082],[1.439367215603272,43.66224699238092],[1.439621004835631,43.66339665162331],[1.439827821425982,43.66437847027148],[1.439931101080312,43.66487789809253],[1.440190553075798,43.666086262007916],[1.44038948351445,43.66655239207786],[1.440381052945246,43.66676709672126],[1.44032872360408,43.667300290766896],[1.440215602694982,43.66771663663205],[1.439932305896429,43.66870216227949],[1.439863338898896,43.668694993990485],[1.439496068238146,43.66858895673135],[1.439064464490472,43.66842753351549],[1.438933256803827,43.66813887417388],[1.437792750681074,43.667709752953336],[1.437774201504799,43.667729478303784],[1.43687747919193,43.66747069169602],[1.432444370837308,43.666205441443495],[1.432125012763996,43.66706860834659],[1.430494477245427,43.66664118142905],[1.429820725756826,43.666464546582134],[1.430528639924666,43.6643045188264],[1.431310091711649,43.661933139194794],[1.431486475671921,43.661387684538944],[1.431554083269113,43.6609690902081],[1.431645748731404,43.660165618291735],[1.431933715207118,43.65741656997378],[1.431858217495281,43.657411234655534],[1.431812670392392,43.6574070884431],[1.431540553604123,43.657735112722634],[1.431279847019936,43.65782575011536],[1.431182524587173,43.65788458317497],[1.430707897694052,43.65807474540899],[1.430584696344036,43.65812107399001],[1.430360951245157,43.658179829804716],[1.430312223620375,43.658214448333204],[1.430235654708026,43.658279116527844],[1.429947743287263,43.65844522536072],[1.42983754603579,43.658493539066924],[1.429718548994068,43.65852002893959],[1.428088874920535,43.65856752225499],[1.427737641258592,43.6589545165442],[1.427026302087957,43.65971139417368],[1.425275534134505,43.660261217202844],[1.424372156833256,43.66053400927185],[1.424028454348111,43.660426217017616],[1.423354028172761,43.660129381302426],[1.423090737334929,43.66030229041648],[1.422698432135761,43.66056025749846],[1.422412971294555,43.660733943125976],[1.422034151416125,43.66096268165677],[1.421746568801759,43.66110417185123],[1.421529483059881,43.66115351330069],[1.421151210208945,43.66117506168913],[1.420675378988656,43.66118541082059],[1.419776856803426,43.66122450033075],[1.419237312590591,43.66114065647504],[1.417222145400831,43.66082630577907],[1.416526385020354,43.66157756309607],[1.416703626901125,43.66166131460179],[1.416613167020546,43.66288108262627],[1.416563695855284,43.663468240822255],[1.416435754147425,43.664243974435216],[1.416352730580331,43.66472582442865],[1.416243381513725,43.66488671853818],[1.415658363428312,43.665467624927295],[1.415374840372988,43.66568198293854],[1.414960531954696,43.66592556141885],[1.414405144140004,43.66618973785397],[1.414074839647115,43.666310044832095],[1.41367041417141,43.66642028755799],[1.412945575342563,43.66659982679422],[1.412143135916795,43.666740883547035],[1.412042966572207,43.6667287153133],[1.411969153355828,43.66669783302637],[1.411862806116991,43.66666384852624],[1.411635460298514,43.666616581237264],[1.411426990897734,43.66652783840941],[1.411263927299789,43.66645270880634],[1.410883160947257,43.666297269442566],[1.410514100397423,43.66631129415147],[1.410413919921515,43.66629911533643],[1.409914640262338,43.66613892085174],[1.409563636791028,43.66599697525892],[1.409256516175957,43.665882818539856],[1.408964098050304,43.665745133305904],[1.408909569055952,43.66573238357039],[1.408823710021726,43.66572126449612],[1.408571832206294,43.665659601285945],[1.408081856444114,43.665570437142534],[1.407452119056036,43.66550188899373],[1.407402859440349,43.66548444888861],[1.407271683656879,43.665454988560164],[1.40717273290973,43.66544850423439],[1.407042329105415,43.66545310966711],[1.406634489718503,43.66544692724059],[1.40641052754124,43.66543278830549],[1.406184048050572,43.665413906099985],[1.40605936975151,43.665385443107255],[1.405894841365698,43.66532259163402],[1.405629796496038,43.66518511287129],[1.405504372467495,43.6651216473484],[1.405403325253422,43.66508202242867],[1.405373309519891,43.66508461552487],[1.404851310332423,43.665295094412784],[1.404518598359729,43.66540210788944],[1.404262416477663,43.66544825853926],[1.403907580819217,43.665469939153546],[1.403835597709959,43.665489210228294],[1.403737655251091,43.665584912137085],[1.403612018356008,43.665784459658646],[1.403572644827371,43.665885371528645],[1.403518260847729,43.66611294464087],[1.403437367094099,43.666284473189755],[1.403281055575351,43.666529175353375],[1.403027632493713,43.66706638766368],[1.402963703097015,43.66748689036142],[1.402900161593733,43.667549758110084],[1.402831858222796,43.667583257869246],[1.402688109048062,43.66760761417897],[1.402630059347763,43.66765255314702],[1.402598706246679,43.66782354062906],[1.402553552612805,43.66796035419928],[1.402560659080037,43.6680900392609],[1.402561640376396,43.66819317323402],[1.402527409200117,43.66829885484868],[1.402444848321863,43.668494035461016],[1.402424006075053,43.668492910512015],[1.400451662982077,43.667848408366496],[1.400742433407793,43.66717621615541],[1.400376973469639,43.666544015423206],[1.402486312081424,43.665427955314776],[1.402943175073892,43.66496621797715],[1.404059725480359,43.66382302747138],[1.405674645902639,43.661975256945816],[1.406053934385793,43.66113632505147],[1.406458709001985,43.659163172453894],[1.406670717013384,43.657348340969506],[1.406632239839849,43.65588625067836],[1.406127692869181,43.65431342123031],[1.405787976304941,43.65387067240871],[1.404187988376608,43.65202392559474],[1.401366389833244,43.64922945156131],[1.400979702960742,43.64821199780731],[1.401015596309131,43.64691988178624],[1.401502586761774,43.64544130559126],[1.402304184386043,43.643088267957765],[1.402542995941299,43.64223114397296],[1.40285989420645,43.64096026213634],[1.403140415753406,43.639600149979564],[1.403712241532429,43.63760378554037],[1.403858981813493,43.636633307937124],[1.403853961195508,43.635619963964686],[1.403569004806235,43.633430156960486],[1.402738732825241,43.631379662957634],[1.402136178918623,43.62984669265175],[1.401716094575187,43.62805881767081],[1.401127859672534,43.62469991655761],[1.401221053878617,43.622657045655416],[1.401465487246928,43.62176874882529],[1.402337322686056,43.61890158538213],[1.403506581948645,43.616163654141616],[1.40475527373639,43.61475473125064],[1.407626780372793,43.61206765443483],[1.40963003304556,43.61043778969559],[1.411921699706048,43.60901272370309],[1.413203241817121,43.60958329373868],[1.414834811502681,43.61042539896169],[1.415848823606982,43.61120758897862],[1.416428210804711,43.61171941707985],[1.417296165839767,43.61268774237501],[1.417658346292917,43.61318456275379],[1.417960867555364,43.613750909981],[1.41815748759286,43.61425963252934],[1.418295964857046,43.61482370692692],[1.418396782034899,43.6154660004991],[1.418767929728798,43.617838121407814],[1.418908193746972,43.618710639178786],[1.419115063931895,43.61872367655881],[1.4197292269115,43.62367975052671],[1.420129115139023,43.623591212548796],[1.420626899658205,43.62688683284511],[1.42150844610591,43.63387356095938],[1.421931092141149,43.633835352578735],[1.421865927943522,43.633921866676374],[1.421711942103154,43.63428015422573],[1.421684078095027,43.634483342851645],[1.422387050625056,43.6392792780864],[1.422266406748884,43.63924518823928],[1.4233336162203,43.64672538950263],[1.423227993005133,43.64673116960743],[1.423312693024193,43.6472418064173],[1.423522750789988,43.64833061029412],[1.423868060608481,43.65054449236229],[1.423881544374999,43.65128258026617],[1.423626434523216,43.65203080874881],[1.423811413577884,43.65220449760578],[1.424387421559426,43.65134721169639],[1.425384739946602,43.64986223407076],[1.427044740665233,43.64780828978591],[1.427290566978771,43.64749424926574],[1.428034694321341,43.64654273554535],[1.428413871209281,43.646112449325464],[1.432463336111263,43.641289296781224],[1.433400130222501,43.64033549823012],[1.43455667796473,43.639234905187465],[1.436467845585516,43.63741744643164],[1.438417301524861,43.63555769467247],[1.439043665561799,43.634878602867175],[1.439082919687368,43.634953671365835],[1.439060064677584,43.635087838625005],[1.439058526191764,43.635970552076316],[1.439046938512086,43.63665452193031],[1.439220524232765,43.63758688708168],[1.439219898411781,43.639361815446236],[1.439197309636595,43.64069188876678],[1.439123295119893,43.642236330849315],[1.43910981459655,43.64304706100828],[1.439186954826353,43.644415774500665],[1.439234648910416,43.64592333624894],[1.439190946033299,43.64640361816703],[1.43912685861678,43.64711365860108],[1.439063710661022,43.64776125414093],[1.442630527233148,43.647018358985086],[1.443669687960912,43.6468578098639],[1.443539892969437,43.647267311398394],[1.443235532841699,43.647722436384704],[1.443252923516983,43.64782842834778]]]],"type":"MultiPolygon"},"properties":{"geo_point_2d":{"lon":1.4181258037399518,"lat":43.64267635904147},"quartier":7,"nom_quartier":"Sept Deniers / Ginestous-Sesquières / Lalande","num_nom":"7 - Sept Deniers / Ginestous-Sesquières / Lalande","maire_de_quartier":"Olivier Arsac"}},{"type":"Feature","geometry":{"coordinates":[[[[1.43558655100165,43.60179906745667],[1.436867524356803,43.60120278677034],[1.437710651738582,43.60063139904521],[1.438317266656296,43.60002880358941],[1.438804105877508,43.59934009094457],[1.439093099996645,43.598648875609754],[1.439225440931028,43.597724606155],[1.439203307935697,43.59659854150762],[1.438979005349686,43.59567145346714],[1.438516918832828,43.5946279922],[1.437620999668036,43.593436327624],[1.436791157910646,43.59252713501937],[1.435391514390838,43.59099178469681],[1.434770419754538,43.590298137865446],[1.433044067974552,43.59085291438167],[1.431988212722715,43.59112264665251],[1.430683611083496,43.59139983980809],[1.430646231107066,43.59146198903561],[1.430705847680561,43.59165073301598],[1.430753806022859,43.59175046481022],[1.430740094748256,43.59179576783685],[1.430305529811325,43.59195407934216],[1.429894547919076,43.59210217680457],[1.429385381020894,43.59228637056692],[1.429234452024589,43.59236652939249],[1.428921074343613,43.59268759004929],[1.428824464655996,43.59253448694721],[1.428594765717665,43.59214568239488],[1.427662179128014,43.59252422540614],[1.427073860041703,43.5921779448695],[1.426595359980915,43.59188647772812],[1.4236658786192,43.590393547084155],[1.423706349822087,43.59115267108884],[1.423389710552032,43.59211138684972],[1.422943821974193,43.59266790095073],[1.422366788776741,43.59320252977841],[1.421772139713335,43.5935260423471],[1.420977673198103,43.593807238387555],[1.420010255726901,43.59399053099821],[1.419199600286062,43.59405303165759],[1.419215155182044,43.594142098408874],[1.419470896026651,43.59554538362742],[1.419537871249879,43.59593100013956],[1.419572714990055,43.59629081735639],[1.419678594968611,43.596940718585515],[1.41979834436781,43.59762101227231],[1.419869368941101,43.59774363296703],[1.419813222040378,43.597839677358685],[1.419792404051551,43.59792371838632],[1.419887491937126,43.59800490582627],[1.420043467376786,43.59802130689488],[1.420059072804826,43.59810659305163],[1.420266774719894,43.60060795247435],[1.420458681523171,43.60380080149464],[1.420193426158228,43.604881983272776],[1.423305867652596,43.604155899483075],[1.427694068976329,43.60318073038521],[1.430882256953293,43.60268590881121],[1.433670306471019,43.60230323047314],[1.43467942216005,43.60203783576758],[1.43558655100165,43.60179906745667]]]],"type":"MultiPolygon"},"properties":{"geo_point_2d":{"lon":1.428951341899483,"lat":43.59741068217638},"quartier":6,"nom_quartier":"Saint-Cyprien","num_nom":"6 - Saint-Cyprien","maire_de_quartier":"Jean-Paul Bouche"}},{"type":"Feature","geometry":{"coordinates":[[[[1.427984556758083,43.578855245517126],[1.428195031947725,43.58067728074092],[1.428573934040856,43.58186487956317],[1.429153268899547,43.58296797664551],[1.429849304465414,43.584273536372],[1.430121766306641,43.584674038785465],[1.431093192753587,43.58610384616477],[1.432812175888411,43.58811107221571],[1.434770669455477,43.59029806022568],[1.434770419754538,43.590298137865446],[1.435391514390838,43.59099178469681],[1.436791157910646,43.59252713501937],[1.436791716699421,43.59252707956071],[1.438056669815558,43.59242691711153],[1.43945103133728,43.59396344904708],[1.440038784962947,43.59372975962137],[1.440650019660161,43.59298294170533],[1.440759875765688,43.59234260731385],[1.440957960883786,43.59231507661395],[1.441811460358368,43.59225108407735],[1.442293791557216,43.592280236158715],[1.443136895375063,43.592623829923866],[1.443842118364313,43.592874951896015],[1.444186943881103,43.593000406417346],[1.445635264863552,43.593558101769524],[1.446837126899293,43.59397988869735],[1.449029447708024,43.59478704463379],[1.451079509253207,43.59547144885439],[1.451915112059174,43.59495581705522],[1.452381050990242,43.594786313034454],[1.453010916933785,43.59479879662774],[1.453417000780422,43.5948918513569],[1.453747862930975,43.59505337850627],[1.45397120751716,43.595356937075074],[1.454021409241929,43.595483164473684],[1.454016202033443,43.59583602320988],[1.453904216990308,43.59601396918789],[1.453560876728636,43.59634433544151],[1.453703337076902,43.59639369288395],[1.456028092065023,43.597207490016565],[1.456337818524347,43.59721463384776],[1.456337818524347,43.59721463384776],[1.456282034063213,43.594903759524],[1.456709278515364,43.59417856414067],[1.459055134792556,43.59178036344081],[1.459543141838605,43.59134609573548],[1.459687259910416,43.59119298700933],[1.459796130388783,43.591048122642654],[1.459968847586461,43.59063222870355],[1.460082853767358,43.59013733964891],[1.460214867530495,43.58938997598694],[1.460451441277685,43.587813671632475],[1.460472097177137,43.587559323796604],[1.460080328677611,43.58755723676504],[1.455770241580446,43.58573276162036],[1.453067480631119,43.582169410600436],[1.452585672209682,43.58154548456109],[1.451775293737135,43.58073425230421],[1.450796905911345,43.579996264604674],[1.450410018072288,43.57968905473584],[1.447523485943004,43.578019347416095],[1.44449213693384,43.576424856225614],[1.443567214887971,43.57593840390232],[1.443037180752538,43.57596355431566],[1.442598914231048,43.575944008857164],[1.441938239501581,43.5758290346451],[1.441335999100081,43.575636001520124],[1.440763702981589,43.575355199337714],[1.440224285575318,43.57496490018103],[1.438740801228358,43.573834824611524],[1.437721178768718,43.573102942426495],[1.436911707881879,43.57250045080609],[1.435900262833891,43.571746858271496],[1.435273662575847,43.5713605757364],[1.434597147404536,43.5710921668876],[1.434015320324455,43.57093046548601],[1.433341465864465,43.570830476500376],[1.431008573197477,43.57055638031877],[1.43065953179851,43.572723055492595],[1.430411786192165,43.57335687617652],[1.429060731042446,43.576033061652936],[1.428244190743083,43.57744191587407],[1.427984556758083,43.578855245517126]]]],"type":"MultiPolygon"},"properties":{"geo_point_2d":{"lon":1.4428497425511437,"lat":43.58441136996275},"quartier":5,"nom_quartier":"Saint-Michel /  Saint-Agne / Empalot / Le Busca / Île du Ramier / Monplaisir","num_nom":"5 - Saint-Michel /  Saint-Agne / Empalot / Le Busca / Île du Ramier / Monplaisir","maire_de_quartier":"Jonnhy Dunal"}},{"type":"Feature","geometry":{"coordinates":[[[[1.460430687462923,43.62717204242307],[1.460475951537639,43.627153668319906],[1.460768378600399,43.62707640590906],[1.461289984328373,43.62684001714235],[1.46265745948172,43.62619383083566],[1.463804218150638,43.62564312711079],[1.465190148338046,43.62500946251764],[1.465282921857299,43.624912263377745],[1.465763025104004,43.62452903550297],[1.466571112860276,43.62389861501842],[1.468001139947825,43.62278021825483],[1.468352933749512,43.622484131827896],[1.468788225348639,43.622010077499255],[1.469000061623781,43.62159183867607],[1.469080393330185,43.62131539915101],[1.469126416349392,43.62090590225126],[1.46920909195683,43.62076072835531],[1.469412317886534,43.62068549528255],[1.469089617206391,43.62027200799313],[1.468819729905114,43.61994952064622],[1.469008248222791,43.61969042063676],[1.468909791195118,43.61960230822054],[1.468134601521989,43.61908239606445],[1.466684016660043,43.61809505666219],[1.46611452447489,43.617695166360704],[1.465733538540049,43.617356559506085],[1.465432689612494,43.61703712751374],[1.465252711447697,43.6166489014715],[1.465129366587146,43.616241243825144],[1.465007402723659,43.615517156498925],[1.464241369949208,43.61484646880344],[1.463895428083374,43.614699321958014],[1.463617123294509,43.61461285700809],[1.463174786161112,43.614545465429465],[1.46275374421673,43.6145289300953],[1.462041962466626,43.6145330482217],[1.4616708407359,43.61442020042679],[1.461517577913367,43.614330514834336],[1.460436606444314,43.613606105962035],[1.46081982597493,43.61326648399495],[1.461839709070632,43.61324767638258],[1.461976467830441,43.61334663046169],[1.461997544401687,43.61378417873925],[1.462830784373589,43.61375425501225],[1.462891801674523,43.61371901214131],[1.462973631419872,43.61356630510382],[1.46316261638814,43.613139795723605],[1.463369105209361,43.61290375489559],[1.464440722382551,43.611934484941365],[1.464996815300473,43.611529052137904],[1.465498029766195,43.61109048906755],[1.465505312675239,43.61109254823427],[1.466525032900601,43.611841538170665],[1.467076716612747,43.611974625411534],[1.467432966475539,43.61209827765991],[1.467494190671823,43.612058074884324],[1.468860743200244,43.61060800039359],[1.46940481830793,43.610143584683954],[1.468648471888811,43.60968166277729],[1.469805166602733,43.60869088406966],[1.46863965145227,43.60809652258865],[1.468377557361512,43.608297618351905],[1.467914304141615,43.608060228933],[1.466886278547645,43.6075663094718],[1.467033064737111,43.60724510076618],[1.463301640496137,43.606362467105924],[1.462504170518493,43.606274776477115],[1.46038513707628,43.60584930113235],[1.460125007230152,43.60581025908374],[1.458573718872215,43.605522755223],[1.45731972710726,43.60525698684954],[1.456873717100518,43.60516139767561],[1.456795585910797,43.60530779465019],[1.456376276513003,43.6060933829748],[1.456185031897694,43.60643628399861],[1.454918248816149,43.60863658468871],[1.454816002730274,43.60877108998335],[1.45468511807057,43.60890536540538],[1.454122363144055,43.609363639112736],[1.453581992554076,43.609804105901816],[1.453390978172961,43.61004198432743],[1.452948853114644,43.61088247483255],[1.452667950972888,43.61147445225886],[1.452255302618036,43.612169479096025],[1.45171033634963,43.61309337150383],[1.451432957321538,43.613446003673495],[1.451331623373161,43.613518060095906],[1.451143579890197,43.613641483257375],[1.450717920287553,43.61389455114447],[1.44953960277021,43.61449747436746],[1.448571923619489,43.614944978990756],[1.448274367276996,43.615076992533155],[1.448274390905519,43.61507703786181],[1.44881620849852,43.61576907777888],[1.448987105230165,43.61601168694475],[1.449027113834735,43.61621162460861],[1.44896258991468,43.616347368916976],[1.448190954614671,43.617533438195416],[1.447112902996568,43.6179554673447],[1.447124271877243,43.61806624927581],[1.447082871710234,43.61813593815863],[1.446794695997615,43.61859727898426],[1.446127031029702,43.61883234223394],[1.446131681214043,43.618957275588116],[1.446379328133274,43.61964232929242],[1.446364831069516,43.61974061058735],[1.445769277100726,43.621252571633626],[1.445616632606751,43.62240564832823],[1.445741881443213,43.62335086140464],[1.445735545001219,43.62351449174612],[1.445662828537337,43.625071250829926],[1.445611687792918,43.62518155246932],[1.445527856453967,43.625301047065925],[1.445295424732976,43.625515876386785],[1.445293425792413,43.62556222924045],[1.44547867246123,43.625891988454306],[1.444933291191802,43.62682815685816],[1.444827019089225,43.626967334188734],[1.445183048245663,43.62711110783552],[1.445429056368102,43.62720955129074],[1.445545228107413,43.62710545332398],[1.445692365789791,43.62710755714974],[1.445760457332765,43.62699644810154],[1.445846148615525,43.62692710302807],[1.445868028626514,43.626857269398855],[1.44597262115909,43.626830650973254],[1.447285037459151,43.62581251562334],[1.448015622109834,43.62503106869843],[1.447972436859248,43.62495787674324],[1.448134936823523,43.62480304904313],[1.448216311397205,43.62484815321936],[1.44862299040015,43.62456371887885],[1.448970925946505,43.624200292441856],[1.449899404670315,43.6239473828327],[1.450791831678432,43.62375283969303],[1.451610150796282,43.62372518073211],[1.452539873875015,43.623826100950666],[1.45368328466903,43.624186030888126],[1.454467849162333,43.62450436132903],[1.455001073825781,43.62473179941129],[1.455652078042483,43.62501124767782],[1.456423337830471,43.62535028102146],[1.457529373668916,43.62586315252169],[1.458856851222265,43.626464773983194],[1.459001953357814,43.62651699427932],[1.459694048131693,43.62683930423499],[1.460430332048435,43.62717188465308],[1.460430687462923,43.62717204242307]]]],"type":"MultiPolygon"},"properties":{"geo_point_2d":{"lon":1.458038832615978,"lat":43.61697480164845},"quartier":4,"nom_quartier":"Lapujade / Bonnefoy / Périole / Marengo / La Colonne","num_nom":"4 - Lapujade / Bonnefoy / Périole / Marengo / La Colonne","maire_de_quartier":"Anthony Lautrec"}},{"type":"Feature","geometry":{"coordinates":[[[[1.437266324729458,43.61605815521832],[1.43728704866412,43.616062252317576],[1.438163166380937,43.61616759803281],[1.438558662597992,43.616193447304056],[1.439070955916395,43.616159656367515],[1.43967823911078,43.6160433605769],[1.44011919388074,43.61590304105],[1.440813175542524,43.61565024560184],[1.441558037197858,43.615390263868555],[1.442113572598988,43.61525084210337],[1.442553721674251,43.6151634901813],[1.443087314755835,43.61509864045432],[1.443703186475422,43.615103493501344],[1.444370333089726,43.615162677977715],[1.445871395597471,43.61536372183773],[1.446330134344072,43.615427880275256],[1.446737454474912,43.61544621753049],[1.447145116997076,43.615441854130275],[1.44759579696486,43.6153469905868],[1.447983348309731,43.61520622134337],[1.448274367276996,43.615076992533155],[1.448571923619489,43.614944978990756],[1.44953960277021,43.61449747436746],[1.450717920287553,43.61389455114447],[1.451143579890197,43.613641483257375],[1.451331623373161,43.613518060095906],[1.451432957321538,43.613446003673495],[1.45171033634963,43.61309337150383],[1.452255302618036,43.612169479096025],[1.452667950972888,43.61147445225886],[1.452948853114644,43.61088247483255],[1.453390978172961,43.61004198432743],[1.453581992554076,43.609804105901816],[1.454122363144055,43.609363639112736],[1.45468511807057,43.60890536540538],[1.454816002730274,43.60877108998335],[1.454918248816149,43.60863658468871],[1.456185031897694,43.60643628399861],[1.456376276513003,43.6060933829748],[1.456795585910797,43.60530779465019],[1.456873717100518,43.60516139767561],[1.456907853217835,43.60509745976771],[1.456953572723299,43.60490952546666],[1.456960467209876,43.60444125370553],[1.456929482053137,43.603627345090565],[1.456872225294314,43.602564396177925],[1.456751322575021,43.602021327938765],[1.456420713991653,43.601132236223336],[1.456332999492575,43.60081176101765],[1.456337818524347,43.59721463384776],[1.456028092065023,43.597207490016565],[1.453703337076902,43.59639369288395],[1.453560876728636,43.59634433544151],[1.453904216990308,43.59601396918789],[1.454016202033443,43.59583602320988],[1.454021409241929,43.595483164473684],[1.45397120751716,43.595356937075074],[1.453747862930975,43.59505337850627],[1.453417000780422,43.5948918513569],[1.453010916933785,43.59479879662774],[1.452381050990242,43.594786313034454],[1.451915112059174,43.59495581705522],[1.451079509253207,43.59547144885439],[1.451079509253207,43.59547144885439],[1.451136676266557,43.59591951534285],[1.451284878343082,43.59628587185731],[1.451669888476798,43.59657082354466],[1.452177051760613,43.59669588951004],[1.452014266543042,43.597930263910925],[1.451862654231699,43.599114572170464],[1.451774190086208,43.60007703462256],[1.451775414319752,43.6003457530558],[1.451801399575184,43.60043772698855],[1.452015538174846,43.600394926128],[1.451972473454453,43.60084211700038],[1.451940773874878,43.601224093995945],[1.451890829076645,43.601694877736634],[1.451825566522434,43.60241058993325],[1.451584826221977,43.60284203422803],[1.451253359852443,43.60324533645994],[1.450807392466747,43.603643952417684],[1.450775709378572,43.60367398269787],[1.450078405116435,43.60433838795561],[1.449939798122014,43.6044659649783],[1.449618887051772,43.60477189979357],[1.448991278016899,43.60538763944044],[1.448764172823985,43.60560157532047],[1.44865988179604,43.60569726593134],[1.448542408004228,43.60580420348301],[1.44806144540393,43.60627727471644],[1.447502523651553,43.60682637497755],[1.44733603822083,43.606989691862005],[1.447064096659357,43.60723922959581],[1.446798196719224,43.607520977198014],[1.446320161714314,43.60796946821708],[1.4462579448375,43.608038048986344],[1.444448806330774,43.60982050517844],[1.444104686807774,43.610106370447376],[1.443401554809248,43.61054171919118],[1.442742302391838,43.6107418297742],[1.441844468940334,43.61095992176258],[1.44086859833682,43.611171706068475],[1.440577362789534,43.61122901182875],[1.440118969968904,43.611319044608074],[1.438997097659504,43.61154101432918],[1.438680016764601,43.61141171704372],[1.438519829214905,43.61150033310109],[1.438522313967896,43.61159401796278],[1.438658294768579,43.611644296099186],[1.437802682222338,43.614333977410645],[1.437632172939228,43.61493530639059],[1.437343505908641,43.61585832956167],[1.437266324729458,43.61605815521832]]]],"type":"MultiPolygon"},"properties":{"geo_point_2d":{"lon":1.4493107376236358,"lat":43.607826587804745},"quartier":3,"nom_quartier":"Les Chalets / Bayard / Belfort / Saint-Aubin / Dupuy","num_nom":"3 - Les Chalets / Bayard / Belfort / Saint-Aubin / Dupuy","maire_de_quartier":"Clément Riquet"}},{"type":"Feature","geometry":{"coordinates":[[[[1.411921699706048,43.60901272370309],[1.413203241817121,43.60958329373868],[1.414373808900566,43.60992209094144],[1.415215872717813,43.61020143164063],[1.415642336100115,43.61032694580753],[1.417223832283154,43.61070311407778],[1.418627884956171,43.61101820981514],[1.419972059280072,43.611249549045375],[1.422649628141692,43.61165058291124],[1.425274817293515,43.61207385080331],[1.426202595928061,43.612202416901305],[1.427502924935758,43.61249386375926],[1.428763015864434,43.61277740301231],[1.429739293126387,43.613057713006135],[1.430602174598487,43.613345612716856],[1.431224881032523,43.61358618060356],[1.431712529289148,43.61380201109283],[1.432292313483664,43.61412548752307],[1.432716670548383,43.614394739482485],[1.433151329751906,43.61467163737581],[1.433607056258291,43.614932623784966],[1.43402180826637,43.61514880686898],[1.434457853992432,43.61533393062977],[1.435039269087196,43.6155514393712],[1.435611321360978,43.61569980658148],[1.436328839661435,43.61587297729305],[1.437266324729458,43.61605815521832],[1.437343505908641,43.61585832956167],[1.437632172939228,43.61493530639059],[1.437802682222338,43.614333977410645],[1.438658294768579,43.611644296099186],[1.438522313967896,43.61159401796278],[1.438519829214905,43.61150033310109],[1.437553296639254,43.61117665767867],[1.43690371711412,43.610991736883186],[1.435953334448081,43.61072115493179],[1.43485307227619,43.61037368143829],[1.434932805458923,43.61000816729925],[1.434836499507294,43.60853805792485],[1.434563147601447,43.605169553859575],[1.434675012385727,43.60465859108116],[1.434592516324164,43.604258669078725],[1.434335691412156,43.60376367945186],[1.434620360720182,43.60362119234187],[1.434931279155323,43.603465664421506],[1.435494502971024,43.60315509114627],[1.43467942216005,43.60203783576758],[1.433670306471019,43.60230323047314],[1.430882256953293,43.60268590881121],[1.427694068976329,43.60318073038521],[1.423305867652596,43.604155899483075],[1.420193426158228,43.604881983272776],[1.4178745687829,43.60564374898871],[1.416433147345459,43.60632555961114],[1.414667834189876,43.607322622263766],[1.411921699706048,43.60901272370309]]]],"type":"MultiPolygon"},"properties":{"geo_point_2d":{"lon":1.4272365010450982,"lat":43.60859458353268},"quartier":2,"nom_quartier":"Amidonniers / Compans-Caffarelli / Brouardel","num_nom":"2 - Amidonniers / Compans-Caffarelli / Brouardel","maire_de_quartier":"Bertrand Serp"}},{"type":"Feature","geometry":{"coordinates":[[[[1.434335691412156,43.60376367945186],[1.434592516324164,43.604258669078725],[1.434675012385727,43.60465859108116],[1.434563147601447,43.605169553859575],[1.434836499507294,43.60853805792485],[1.434932805458923,43.61000816729925],[1.43485307227619,43.61037368143829],[1.435953334448081,43.61072115493179],[1.43690371711412,43.610991736883186],[1.437553296639254,43.61117665767867],[1.438519829214905,43.61150033310109],[1.438680016764601,43.61141171704372],[1.438997097659504,43.61154101432918],[1.440118969968904,43.611319044608074],[1.440577362789534,43.61122901182875],[1.44086859833682,43.611171706068475],[1.441844468940334,43.61095992176258],[1.442742302391838,43.6107418297742],[1.443401554809248,43.61054171919118],[1.444104686807774,43.610106370447376],[1.444448806330774,43.60982050517844],[1.4462579448375,43.608038048986344],[1.446320161714314,43.60796946821708],[1.446798196719224,43.607520977198014],[1.447064096659357,43.60723922959581],[1.44733603822083,43.606989691862005],[1.447502523651553,43.60682637497755],[1.44806144540393,43.60627727471644],[1.448542408004228,43.60580420348301],[1.44865988179604,43.60569726593134],[1.448764172823985,43.60560157532047],[1.448991278016899,43.60538763944044],[1.449618887051772,43.60477189979357],[1.449939798122014,43.6044659649783],[1.450078405116435,43.60433838795561],[1.450775709378572,43.60367398269787],[1.450807392466747,43.603643952417684],[1.451253359852443,43.60324533645994],[1.451584826221977,43.60284203422803],[1.451825566522434,43.60241058993325],[1.451890829076645,43.601694877736634],[1.451940773874878,43.601224093995945],[1.451972473454453,43.60084211700038],[1.452015538174846,43.600394926128],[1.451801399575184,43.60043772698855],[1.451775414319752,43.6003457530558],[1.451774190086208,43.60007703462256],[1.451862654231699,43.599114572170464],[1.452014266543042,43.597930263910925],[1.452177051760613,43.59669588951004],[1.451669888476798,43.59657082354466],[1.451284878343082,43.59628587185731],[1.451136676266557,43.59591951534285],[1.451079509253207,43.59547144885439],[1.451079509253207,43.59547144885439],[1.449029447708024,43.59478704463379],[1.446837126899293,43.59397988869735],[1.445635264863552,43.593558101769524],[1.444186943881103,43.593000406417346],[1.443842118364313,43.592874951896015],[1.443136895375063,43.592623829923866],[1.442293791557216,43.592280236158715],[1.441811460358368,43.59225108407735],[1.440957960883786,43.59231507661395],[1.440759875765688,43.59234260731385],[1.440650019660161,43.59298294170533],[1.440038784962947,43.59372975962137],[1.43945103133728,43.59396344904708],[1.438056669815558,43.59242691711153],[1.436791716699421,43.59252707956071],[1.436791157910646,43.59252713501937],[1.437620999668036,43.593436327624],[1.438516918832828,43.5946279922],[1.438979005349686,43.59567145346714],[1.439203307935697,43.59659854150762],[1.439225440931028,43.597724606155],[1.439093099996645,43.598648875609754],[1.438804105877508,43.59934009094457],[1.438317266656296,43.60002880358941],[1.437710651738582,43.60063139904521],[1.436867524356803,43.60120278677034],[1.43558655100165,43.60179906745667],[1.43467942216005,43.60203783576758],[1.435494502971024,43.60315509114627],[1.434931279155323,43.603465664421506],[1.434620360720182,43.60362119234187],[1.434335691412156,43.60376367945186]]]],"type":"MultiPolygon"},"properties":{"geo_point_2d":{"lon":1.4430587523886567,"lat":43.60202089272141},"quartier":1,"nom_quartier":"Capitole / Arnaud Bernard / Carmes","num_nom":"1 - Capitole / Arnaud Bernard / Carmes","maire_de_quartier":"Alexandra Leuliette"}}]}